figure_id,input_table,key,raw_value,unit,display_transform,source_id,source_url,boundary
F01,data/public/company_quarterly_metrics.csv,2024-09-30|M001,37.2,million users,identity,S004,https://www.sec.gov/Archives/edgar/data/1562088/000156208824000248/q3fy24duolingo09-30x24shar.htm,global company; no feature causal attribution
F01,data/public/company_quarterly_metrics.csv,2024-09-30|M002,113.1,million users,identity,S004,https://www.sec.gov/Archives/edgar/data/1562088/000156208824000248/q3fy24duolingo09-30x24shar.htm,global company; no feature causal attribution
F01,data/public/company_quarterly_metrics.csv,2024-09-30|M008,0.3289124668435014,ratio,100*ratio,S004,https://www.sec.gov/Archives/edgar/data/1562088/000156208824000248/q3fy24duolingo09-30x24shar.htm,global company; no feature causal attribution
F01,data/public/company_quarterly_metrics.csv,2024-12-31|M001,40.5,million users,identity,S005,https://www.sec.gov/Archives/edgar/data/1562088/000156208825000039/q4fy24duolingo12-31x24shar.htm,global company; no feature causal attribution
F01,data/public/company_quarterly_metrics.csv,2024-12-31|M002,116.7,million users,identity,S005,https://www.sec.gov/Archives/edgar/data/1562088/000156208825000039/q4fy24duolingo12-31x24shar.htm,global company; no feature causal attribution
F01,data/public/company_quarterly_metrics.csv,2024-12-31|M008,0.34704370179948585,ratio,100*ratio,S005,https://www.sec.gov/Archives/edgar/data/1562088/000156208825000039/q4fy24duolingo12-31x24shar.htm,global company; no feature causal attribution
F01,data/public/company_quarterly_metrics.csv,2025-03-31|M001,46.6,million users,identity,S006,https://www.sec.gov/Archives/edgar/data/1562088/000156208825000098/q1fy25duolingo3-31x25share.htm,global company; no feature causal attribution
F01,data/public/company_quarterly_metrics.csv,2025-03-31|M002,130.2,million users,identity,S006,https://www.sec.gov/Archives/edgar/data/1562088/000156208825000098/q1fy25duolingo3-31x25share.htm,global company; no feature causal attribution
F01,data/public/company_quarterly_metrics.csv,2025-03-31|M008,0.3579109062980031,ratio,100*ratio,S006,https://www.sec.gov/Archives/edgar/data/1562088/000156208825000098/q1fy25duolingo3-31x25share.htm,global company; no feature causal attribution
F01,data/public/company_quarterly_metrics.csv,2025-06-30|M001,47.7,million users,identity,S007,https://www.sec.gov/Archives/edgar/data/1562088/000156208825000165/q2fy25duolingo6-30x25share.htm,global company; no feature causal attribution
F01,data/public/company_quarterly_metrics.csv,2025-06-30|M002,128.3,million users,identity,S007,https://www.sec.gov/Archives/edgar/data/1562088/000156208825000165/q2fy25duolingo6-30x25share.htm,global company; no feature causal attribution
F01,data/public/company_quarterly_metrics.csv,2025-06-30|M008,0.37178487918939984,ratio,100*ratio,S007,https://www.sec.gov/Archives/edgar/data/1562088/000156208825000165/q2fy25duolingo6-30x25share.htm,global company; no feature causal attribution
F01,data/public/company_quarterly_metrics.csv,2025-09-30|M001,50.5,million users,identity,S008,https://www.sec.gov/Archives/edgar/data/1562088/000162828025049514/q3fy25duolingo9-30x25share.htm,global company; no feature causal attribution
F01,data/public/company_quarterly_metrics.csv,2025-09-30|M002,135.3,million users,identity,S008,https://www.sec.gov/Archives/edgar/data/1562088/000162828025049514/q3fy25duolingo9-30x25share.htm,global company; no feature causal attribution
F01,data/public/company_quarterly_metrics.csv,2025-09-30|M008,0.37324464153732445,ratio,100*ratio,S008,https://www.sec.gov/Archives/edgar/data/1562088/000162828025049514/q3fy25duolingo9-30x25share.htm,global company; no feature causal attribution
F01,data/public/company_quarterly_metrics.csv,2025-12-31|M001,52.7,million users,identity,S009,https://www.sec.gov/Archives/edgar/data/1562088/000162828026012246/q4fy25duolingo12-31x25shar.htm,global company; no feature causal attribution
F01,data/public/company_quarterly_metrics.csv,2025-12-31|M002,133.1,million users,identity,S009,https://www.sec.gov/Archives/edgar/data/1562088/000162828026012246/q4fy25duolingo12-31x25shar.htm,global company; no feature causal attribution
F01,data/public/company_quarterly_metrics.csv,2025-12-31|M008,0.3959429000751315,ratio,100*ratio,S009,https://www.sec.gov/Archives/edgar/data/1562088/000162828026012246/q4fy25duolingo12-31x25shar.htm,global company; no feature causal attribution
F01,data/public/company_quarterly_metrics.csv,2026-03-31|M001,56.5,million users,identity,S010,https://www.sec.gov/Archives/edgar/data/1562088/000162828026029790/q1fy26duolingo3-31x26share.htm,global company; no feature causal attribution
F01,data/public/company_quarterly_metrics.csv,2026-03-31|M002,137.8,million users,identity,S016,https://www.sec.gov/Archives/edgar/data/1562088/000162828026029976/duol-20260331.htm,global company; no feature causal attribution
F01,data/public/company_quarterly_metrics.csv,2026-03-31|M008,0.41001451378809867,ratio,100*ratio,S010|S016,https://www.sec.gov/Archives/edgar/data/1562088/000162828026029790/q1fy26duolingo3-31x26share.htm|https://www.sec.gov/Archives/edgar/data/1562088/000162828026029976/duol-20260331.htm,global company; no feature causal attribution
F01,data/public/company_quarterly_metrics.csv,2026-06-30|M001,58.7,million users,identity,S002,https://www.sec.gov/Archives/edgar/data/1562088/000162828026053603/duol-20260630.htm,global company; no feature causal attribution
F01,data/public/company_quarterly_metrics.csv,2026-06-30|M002,140.6,million users,identity,S002,https://www.sec.gov/Archives/edgar/data/1562088/000162828026053603/duol-20260630.htm,global company; no feature causal attribution
F01,data/public/company_quarterly_metrics.csv,2026-06-30|M008,0.41749644381223333,ratio,100*ratio,S002,https://www.sec.gov/Archives/edgar/data/1562088/000162828026053603/duol-20260630.htm,global company; no feature causal attribution
F02,data/public/company_quarterly_metrics.csv,2024-09-30|M004,8.6,million accounts,identity,S004,https://www.sec.gov/Archives/edgar/data/1562088/000156208824000248/q3fy24duolingo09-30x24shar.htm,global company; no feature causal attribution
F02,data/public/company_quarterly_metrics.csv,2024-09-30|M005,176.3,USD million,identity,S004,https://www.sec.gov/Archives/edgar/data/1562088/000156208824000248/q3fy24duolingo09-30x24shar.htm,global company; no feature causal attribution
F02,data/public/company_quarterly_metrics.csv,2024-09-30|M009,157.6,USD million,identity,S004,https://www.sec.gov/Archives/edgar/data/1562088/000156208824000248/q3fy24duolingo09-30x24shar.htm,global company; no feature causal attribution
F02,data/public/company_quarterly_metrics.csv,2024-12-31|M004,9.5,million accounts,identity,S005,https://www.sec.gov/Archives/edgar/data/1562088/000156208825000039/q4fy24duolingo12-31x24shar.htm,global company; no feature causal attribution
F02,data/public/company_quarterly_metrics.csv,2024-12-31|M005,236.5,USD million,identity,S005,https://www.sec.gov/Archives/edgar/data/1562088/000156208825000039/q4fy24duolingo12-31x24shar.htm,global company; no feature causal attribution
F02,data/public/company_quarterly_metrics.csv,2024-12-31|M009,174.3,USD million,identity,S005,https://www.sec.gov/Archives/edgar/data/1562088/000156208825000039/q4fy24duolingo12-31x24shar.htm,global company; no feature causal attribution
F02,data/public/company_quarterly_metrics.csv,2025-03-31|M004,10.3,million accounts,identity,S006,https://www.sec.gov/Archives/edgar/data/1562088/000156208825000098/q1fy25duolingo3-31x25share.htm,global company; no feature causal attribution
F02,data/public/company_quarterly_metrics.csv,2025-03-31|M005,232.2,USD million,identity,S006,https://www.sec.gov/Archives/edgar/data/1562088/000156208825000098/q1fy25duolingo3-31x25share.htm,global company; no feature causal attribution
F02,data/public/company_quarterly_metrics.csv,2025-03-31|M009,191,USD million,identity,S006,https://www.sec.gov/Archives/edgar/data/1562088/000156208825000098/q1fy25duolingo3-31x25share.htm,global company; no feature causal attribution
F02,data/public/company_quarterly_metrics.csv,2025-06-30|M004,10.9,million accounts,identity,S007,https://www.sec.gov/Archives/edgar/data/1562088/000156208825000165/q2fy25duolingo6-30x25share.htm,global company; no feature causal attribution
F02,data/public/company_quarterly_metrics.csv,2025-06-30|M005,227.3,USD million,identity,S007,https://www.sec.gov/Archives/edgar/data/1562088/000156208825000165/q2fy25duolingo6-30x25share.htm,global company; no feature causal attribution
F02,data/public/company_quarterly_metrics.csv,2025-06-30|M009,210.7,USD million,identity,S007,https://www.sec.gov/Archives/edgar/data/1562088/000156208825000165/q2fy25duolingo6-30x25share.htm,global company; no feature causal attribution
F02,data/public/company_quarterly_metrics.csv,2025-09-30|M004,11.5,million accounts,identity,S008,https://www.sec.gov/Archives/edgar/data/1562088/000162828025049514/q3fy25duolingo9-30x25share.htm,global company; no feature causal attribution
F02,data/public/company_quarterly_metrics.csv,2025-09-30|M005,240.27,USD million,identity,S017,https://www.sec.gov/Archives/edgar/data/1562088/000162828025049743/duol-20250930.htm,global company; no feature causal attribution
F02,data/public/company_quarterly_metrics.csv,2025-09-30|M009,229.491,USD million,identity,S017,https://www.sec.gov/Archives/edgar/data/1562088/000162828025049743/duol-20250930.htm,global company; no feature causal attribution
F02,data/public/company_quarterly_metrics.csv,2025-12-31|M004,12.2,million accounts,identity,S009,https://www.sec.gov/Archives/edgar/data/1562088/000162828026012246/q4fy25duolingo12-31x25shar.htm,global company; no feature causal attribution
F02,data/public/company_quarterly_metrics.csv,2025-12-31|M005,296.6,USD million,identity,S009,https://www.sec.gov/Archives/edgar/data/1562088/000162828026012246/q4fy25duolingo12-31x25shar.htm,global company; no feature causal attribution
F02,data/public/company_quarterly_metrics.csv,2025-12-31|M009,242.286,USD million,identity,S018|S017,https://www.sec.gov/Archives/edgar/data/1562088/000162828026012494/duol-20251231.htm|https://www.sec.gov/Archives/edgar/data/1562088/000162828025049743/duol-20250930.htm,global company; no feature causal attribution
F02,data/public/company_quarterly_metrics.csv,2026-03-31|M004,12.5,million accounts,identity,S010,https://www.sec.gov/Archives/edgar/data/1562088/000162828026029790/q1fy26duolingo3-31x26share.htm,global company; no feature causal attribution
F02,data/public/company_quarterly_metrics.csv,2026-03-31|M005,268.1,USD million,identity,S010,https://www.sec.gov/Archives/edgar/data/1562088/000162828026029790/q1fy26duolingo3-31x26share.htm,global company; no feature causal attribution
F02,data/public/company_quarterly_metrics.csv,2026-03-31|M009,250.908,USD million,identity,S010,https://www.sec.gov/Archives/edgar/data/1562088/000162828026029790/q1fy26duolingo3-31x26share.htm,global company; no feature causal attribution
F02,data/public/company_quarterly_metrics.csv,2026-06-30|M004,12.7,million accounts,identity,S002,https://www.sec.gov/Archives/edgar/data/1562088/000162828026053603/duol-20260630.htm,global company; no feature causal attribution
F02,data/public/company_quarterly_metrics.csv,2026-06-30|M005,250.316,USD million,identity,S002,https://www.sec.gov/Archives/edgar/data/1562088/000162828026053603/duol-20260630.htm,global company; no feature causal attribution
F02,data/public/company_quarterly_metrics.csv,2026-06-30|M009,258.035,USD million,identity,S002,https://www.sec.gov/Archives/edgar/data/1562088/000162828026053603/duol-20260630.htm,global company; no feature causal attribution
F03,data/public/stage3_base_period_bridge.csv,M001|current_qoq_log_points,3.819908868165548,100 natural-log growth points,2 decimal presentation only,S002|S006|S007|S010,https://www.sec.gov/Archives/edgar/data/1562088/000156208825000098/q1fy25duolingo3-31x25share.htm|https://www.sec.gov/Archives/edgar/data/1562088/000156208825000165/q2fy25duolingo6-30x25share.htm|https://www.sec.gov/Archives/edgar/data/1562088/000162828026029790/q1fy26duolingo3-31x26share.htm|https://www.sec.gov/Archives/edgar/data/1562088/000162828026053603/duol-20260630.htm,arithmetic identity; not seasonal or causal adjustment
F03,data/public/stage3_base_period_bridge.csv,M001|base_period_contribution_log_points,-2.3330856762695267,100 natural-log growth points,2 decimal presentation only,S002|S006|S007|S010,https://www.sec.gov/Archives/edgar/data/1562088/000156208825000098/q1fy25duolingo3-31x25share.htm|https://www.sec.gov/Archives/edgar/data/1562088/000156208825000165/q2fy25duolingo6-30x25share.htm|https://www.sec.gov/Archives/edgar/data/1562088/000162828026029790/q1fy26duolingo3-31x26share.htm|https://www.sec.gov/Archives/edgar/data/1562088/000162828026053603/duol-20260630.htm,arithmetic identity; not seasonal or causal adjustment
F03,data/public/stage3_base_period_bridge.csv,M002|current_qoq_log_points,2.0115620797006297,100 natural-log growth points,2 decimal presentation only,S002|S006|S007|S016,https://www.sec.gov/Archives/edgar/data/1562088/000156208825000098/q1fy25duolingo3-31x25share.htm|https://www.sec.gov/Archives/edgar/data/1562088/000156208825000165/q2fy25duolingo6-30x25share.htm|https://www.sec.gov/Archives/edgar/data/1562088/000162828026029976/duol-20260331.htm|https://www.sec.gov/Archives/edgar/data/1562088/000162828026053603/duol-20260630.htm,arithmetic identity; not seasonal or causal adjustment
F03,data/public/stage3_base_period_bridge.csv,M002|base_period_contribution_log_points,1.4700458152877967,100 natural-log growth points,2 decimal presentation only,S002|S006|S007|S016,https://www.sec.gov/Archives/edgar/data/1562088/000156208825000098/q1fy25duolingo3-31x25share.htm|https://www.sec.gov/Archives/edgar/data/1562088/000156208825000165/q2fy25duolingo6-30x25share.htm|https://www.sec.gov/Archives/edgar/data/1562088/000162828026029976/duol-20260331.htm|https://www.sec.gov/Archives/edgar/data/1562088/000162828026053603/duol-20260630.htm,arithmetic identity; not seasonal or causal adjustment
F03,data/public/stage3_base_period_bridge.csv,M008|current_qoq_log_points,1.8083467884649418,100 natural-log growth points,2 decimal presentation only,S002|S006|S007|S010|S016,https://www.sec.gov/Archives/edgar/data/1562088/000156208825000098/q1fy25duolingo3-31x25share.htm|https://www.sec.gov/Archives/edgar/data/1562088/000156208825000165/q2fy25duolingo6-30x25share.htm|https://www.sec.gov/Archives/edgar/data/1562088/000162828026029790/q1fy26duolingo3-31x26share.htm|https://www.sec.gov/Archives/edgar/data/1562088/000162828026029976/duol-20260331.htm|https://www.sec.gov/Archives/edgar/data/1562088/000162828026053603/duol-20260630.htm,arithmetic identity; not seasonal or causal adjustment
F03,data/public/stage3_base_period_bridge.csv,M008|base_period_contribution_log_points,-3.8031314915573375,100 natural-log growth points,2 decimal presentation only,S002|S006|S007|S010|S016,https://www.sec.gov/Archives/edgar/data/1562088/000156208825000098/q1fy25duolingo3-31x25share.htm|https://www.sec.gov/Archives/edgar/data/1562088/000156208825000165/q2fy25duolingo6-30x25share.htm|https://www.sec.gov/Archives/edgar/data/1562088/000162828026029790/q1fy26duolingo3-31x26share.htm|https://www.sec.gov/Archives/edgar/data/1562088/000162828026029976/duol-20260331.htm|https://www.sec.gov/Archives/edgar/data/1562088/000162828026053603/duol-20260630.htm,arithmetic identity; not seasonal or causal adjustment
F04,data/public/stage4_learning_coverage.csv,DRR-25-06|video_call|analysed_n,263,people,identity,S015,https://prtimes.jp/main/html/rd/p/000000066.000069537.html,analysis coverage; not all attrition or effect estimate
F04,data/public/stage4_learning_coverage.csv,DRR-25-06|video_call|not_in_analysis_n,66,people,identity,S015,https://prtimes.jp/main/html/rd/p/000000066.000069537.html,analysis coverage; not all attrition or effect estimate
F04,data/public/stage4_learning_coverage.csv,DRR-25-06|control|analysed_n,304,people,identity,S015,https://prtimes.jp/main/html/rd/p/000000066.000069537.html,analysis coverage; not all attrition or effect estimate
F04,data/public/stage4_learning_coverage.csv,DRR-25-06|control|not_in_analysis_n,25,people,identity,S015,https://prtimes.jp/main/html/rd/p/000000066.000069537.html,analysis coverage; not all attrition or effect estimate
