parameter_id,value,unit,evidence_label,source_url,input_ref,period,as_of,population,role,range_basis,limitation
/horizon_days,90,days from assignment; D design window,D_authored_not_estimated,,quant/scenario_inputs.json#/horizon_days,"90-day design horizon, not historical observations",2026-10-02,H1: existing individual iOS accounts in Japan; Japanese L1; English course around B1.1; actual speaking level separately screened,design_or_sensitivity,authored example; logical bounds checked; no empirically defensible domain established,"Not actual prices, ARPU, costs, measured adoption, retention or commercial effects; do not use D scans for real-world robust ranking"
/normalization_accounts,1000,accounts; normalization is not deployment size,D_authored_not_estimated,,quant/scenario_inputs.json#/normalization_accounts,"90-day design horizon, not historical observations",2026-10-02,H1: existing individual iOS accounts in Japan; Japanese L1; English course around B1.1; actual speaking level separately screened,design_or_sensitivity,authored example; logical bounds checked; no empirically defensible domain established,"Not actual prices, ARPU, costs, measured adoption, retention or commercial effects; do not use D scans for real-world robust ranking"
/deployment_accounts,,accounts; normalization is not deployment size,U_not_observed,,quant/scenario_inputs.json#/deployment_accounts,"90-day design horizon, not historical observations",2026-10-02,H1: existing individual iOS accounts in Japan; Japanese L1; English course around B1.1; actual speaking level separately screened,unknown,not available,"Not actual prices, ARPU, costs, measured adoption, retention or commercial effects; do not use D scans for real-world robust ranking"
/tier_weights,,unknown original-tier population weights,U_not_observed,,quant/scenario_inputs.json#/tier_weights,"90-day design horizon, not historical observations",2026-10-02,H1: existing individual iOS accounts in Japan; Japanese L1; English course around B1.1; actual speaking level separately screened,unknown,not available,"Not actual prices, ARPU, costs, measured adoption, retention or commercial effects; do not use D scans for real-world robust ranking"
/fixed_cost_total_usd,,USD; total deployment amount unknown,U_not_observed,,quant/scenario_inputs.json#/fixed_cost_total_usd,"90-day design horizon, not historical observations",2026-10-02,H1: existing individual iOS accounts in Japan; Japanese L1; English course around B1.1; actual speaking level separately screened,unknown,not available,"Not actual prices, ARPU, costs, measured adoption, retention or commercial effects; do not use D scans for real-world robust ranking"
/real_parameters/account_entitlements_and_remaining_quota,,unavailable governed measure; requires arm/population/horizon/schema definition,U_not_observed,,quant/scenario_inputs.json#/real_parameters/account_entitlements_and_remaining_quota,"90-day design horizon, not historical observations",2026-10-02,H1: existing individual iOS accounts in Japan; Japanese L1; English course around B1.1; actual speaking level separately screened,unknown,not available,"Not actual prices, ARPU, costs, measured adoption, retention or commercial effects; do not use D scans for real-world robust ranking"
/real_parameters/whole_billing_path_contribution_by_arm,,unavailable governed measure; requires arm/population/horizon/schema definition,U_not_observed,,quant/scenario_inputs.json#/real_parameters/whole_billing_path_contribution_by_arm,"90-day design horizon, not historical observations",2026-10-02,H1: existing individual iOS accounts in Japan; Japanese L1; English course around B1.1; actual speaking level separately screened,unknown,not available,"Not actual prices, ARPU, costs, measured adoption, retention or commercial effects; do not use D scans for real-world robust ranking"
/real_parameters/invoice_workload_and_contract_rates_by_arm,,unavailable governed measure; requires arm/population/horizon/schema definition,U_not_observed,,quant/scenario_inputs.json#/real_parameters/invoice_workload_and_contract_rates_by_arm,"90-day design horizon, not historical observations",2026-10-02,H1: existing individual iOS accounts in Japan; Japanese L1; English course around B1.1; actual speaking level separately screened,unknown,not available,"Not actual prices, ARPU, costs, measured adoption, retention or commercial effects; do not use D scans for real-world robust ranking"
/real_parameters/original_max_policy_spillover,,unavailable governed measure; requires arm/population/horizon/schema definition,U_not_observed,,quant/scenario_inputs.json#/real_parameters/original_max_policy_spillover,"90-day design horizon, not historical observations",2026-10-02,H1: existing individual iOS accounts in Japan; Japanese L1; English course around B1.1; actual speaking level separately screened,unknown,not available,"Not actual prices, ARPU, costs, measured adoption, retention or commercial effects; do not use D scans for real-world robust ranking"
/real_parameters/all_assigned_learning_and_transfer,,unavailable governed measure; requires arm/population/horizon/schema definition,U_not_observed,,quant/scenario_inputs.json#/real_parameters/all_assigned_learning_and_transfer,"90-day design horizon, not historical observations",2026-10-02,H1: existing individual iOS accounts in Japan; Japanese L1; English course around B1.1; actual speaking level separately screened,unknown,not available,"Not actual prices, ARPU, costs, measured adoption, retention or commercial effects; do not use D scans for real-world robust ranking"
/real_parameters/eligible_accounts_by_original_tier,,unavailable governed measure; requires arm/population/horizon/schema definition,U_not_observed,,quant/scenario_inputs.json#/real_parameters/eligible_accounts_by_original_tier,"90-day design horizon, not historical observations",2026-10-02,H1: existing individual iOS accounts in Japan; Japanese L1; English course around B1.1; actual speaking level separately screened,unknown,not available,"Not actual prices, ARPU, costs, measured adoption, retention or commercial effects; do not use D scans for real-world robust ranking"
/real_parameters/ad_and_course_displacement_contribution,,unavailable governed measure; requires arm/population/horizon/schema definition,U_not_observed,,quant/scenario_inputs.json#/real_parameters/ad_and_course_displacement_contribution,"90-day design horizon, not historical observations",2026-10-02,H1: existing individual iOS accounts in Japan; Japanese L1; English course around B1.1; actual speaking level separately screened,unknown,not available,"Not actual prices, ARPU, costs, measured adoption, retention or commercial effects; do not use D scans for real-world robust ranking"
/real_parameters/renewal_and_refund_timing_by_arm,,unavailable governed measure; requires arm/population/horizon/schema definition,U_not_observed,,quant/scenario_inputs.json#/real_parameters/renewal_and_refund_timing_by_arm,"90-day design horizon, not historical observations",2026-10-02,H1: existing individual iOS accounts in Japan; Japanese L1; English course around B1.1; actual speaking level separately screened,unknown,not available,"Not actual prices, ARPU, costs, measured adoption, retention or commercial effects; do not use D scans for real-world robust ranking"
/fixed_cost_per_account_demo_usd,0.05,USD per originally assigned target account / 90 days,D_authored_not_estimated,,quant/scenario_inputs.json#/fixed_cost_per_account_demo_usd,"90-day design horizon, not historical observations",2026-10-02,H1: existing individual iOS accounts in Japan; Japanese L1; English course around B1.1; actual speaking level separately screened,design_or_sensitivity,authored example; logical bounds checked; no empirically defensible domain established,"Not actual prices, ARPU, costs, measured adoption, retention or commercial effects; do not use D scans for real-world robust ranking"
/unit_cost_demo_usd_per_service_minute,0.04,USD per illustrative service minute,D_authored_not_estimated,,quant/scenario_inputs.json#/unit_cost_demo_usd_per_service_minute,"90-day design horizon, not historical observations",2026-10-02,H1: existing individual iOS accounts in Japan; Japanese L1; English course around B1.1; actual speaking level separately screened,design_or_sensitivity,authored example; logical bounds checked; no empirically defensible domain established,"Not actual prices, ARPU, costs, measured adoption, retention or commercial effects; do not use D scans for real-world robust ranking"
/other_incremental_cost_demo_usd_per_account,0.0,USD per originally assigned target account / 90 days,D_authored_not_estimated,,quant/scenario_inputs.json#/other_incremental_cost_demo_usd_per_account,"90-day design horizon, not historical observations",2026-10-02,H1: existing individual iOS accounts in Japan; Japanese L1; English course around B1.1; actual speaking level separately screened,design_or_sensitivity,authored example; logical bounds checked; no empirically defensible domain established,"Not actual prices, ARPU, costs, measured adoption, retention or commercial effects; do not use D scans for real-world robust ranking"
/tiers/Free/control_probabilities/0,0.94,fraction of all originally assigned accounts in this tier,D_authored_not_estimated,,quant/scenario_inputs.json#/tiers/Free/control_probabilities/0,"90-day design horizon, not historical observations",2026-10-02,H1: existing individual iOS accounts in Japan; Japanese L1; English course around B1.1; actual speaking level separately screened,design_or_sensitivity,authored example; logical bounds checked; no empirically defensible domain established,"Not actual prices, ARPU, costs, measured adoption, retention or commercial effects; do not use D scans for real-world robust ranking"
/tiers/Free/control_probabilities/1,0.045,fraction of all originally assigned accounts in this tier,D_authored_not_estimated,,quant/scenario_inputs.json#/tiers/Free/control_probabilities/1,"90-day design horizon, not historical observations",2026-10-02,H1: existing individual iOS accounts in Japan; Japanese L1; English course around B1.1; actual speaking level separately screened,design_or_sensitivity,authored example; logical bounds checked; no empirically defensible domain established,"Not actual prices, ARPU, costs, measured adoption, retention or commercial effects; do not use D scans for real-world robust ranking"
/tiers/Free/control_probabilities/2,0.015,fraction of all originally assigned accounts in this tier,D_authored_not_estimated,,quant/scenario_inputs.json#/tiers/Free/control_probabilities/2,"90-day design horizon, not historical observations",2026-10-02,H1: existing individual iOS accounts in Japan; Japanese L1; English course around B1.1; actual speaking level separately screened,design_or_sensitivity,authored example; logical bounds checked; no empirically defensible domain established,"Not actual prices, ARPU, costs, measured adoption, retention or commercial effects; do not use D scans for real-world robust ranking"
/tiers/Free/contribution_usd_per_path/0,0.0,USD per complete 90-day billing path before AI cost,D_authored_not_estimated,,quant/scenario_inputs.json#/tiers/Free/contribution_usd_per_path/0,"90-day design horizon, not historical observations",2026-10-02,H1: existing individual iOS accounts in Japan; Japanese L1; English course around B1.1; actual speaking level separately screened,design_or_sensitivity,authored example; logical bounds checked; no empirically defensible domain established,"Not actual prices, ARPU, costs, measured adoption, retention or commercial effects; do not use D scans for real-world robust ranking"
/tiers/Free/contribution_usd_per_path/1,12.0,USD per complete 90-day billing path before AI cost,D_authored_not_estimated,,quant/scenario_inputs.json#/tiers/Free/contribution_usd_per_path/1,"90-day design horizon, not historical observations",2026-10-02,H1: existing individual iOS accounts in Japan; Japanese L1; English course around B1.1; actual speaking level separately screened,design_or_sensitivity,authored example; logical bounds checked; no empirically defensible domain established,"Not actual prices, ARPU, costs, measured adoption, retention or commercial effects; do not use D scans for real-world robust ranking"
/tiers/Free/contribution_usd_per_path/2,24.0,USD per complete 90-day billing path before AI cost,D_authored_not_estimated,,quant/scenario_inputs.json#/tiers/Free/contribution_usd_per_path/2,"90-day design horizon, not historical observations",2026-10-02,H1: existing individual iOS accounts in Japan; Japanese L1; English course around B1.1; actual speaking level separately screened,design_or_sensitivity,authored example; logical bounds checked; no empirically defensible domain established,"Not actual prices, ARPU, costs, measured adoption, retention or commercial effects; do not use D scans for real-world robust ranking"
/tiers/Free/non_offer_service_minutes_per_path/0,0.0,illustrative service minutes,D_authored_not_estimated,,quant/scenario_inputs.json#/tiers/Free/non_offer_service_minutes_per_path/0,"90-day design horizon, not historical observations",2026-10-02,H1: existing individual iOS accounts in Japan; Japanese L1; English course around B1.1; actual speaking level separately screened,design_or_sensitivity,authored example; logical bounds checked; no empirically defensible domain established,"Not actual prices, ARPU, costs, measured adoption, retention or commercial effects; do not use D scans for real-world robust ranking"
/tiers/Free/non_offer_service_minutes_per_path/1,4.0,illustrative service minutes,D_authored_not_estimated,,quant/scenario_inputs.json#/tiers/Free/non_offer_service_minutes_per_path/1,"90-day design horizon, not historical observations",2026-10-02,H1: existing individual iOS accounts in Japan; Japanese L1; English course around B1.1; actual speaking level separately screened,design_or_sensitivity,authored example; logical bounds checked; no empirically defensible domain established,"Not actual prices, ARPU, costs, measured adoption, retention or commercial effects; do not use D scans for real-world robust ranking"
/tiers/Free/non_offer_service_minutes_per_path/2,20.0,illustrative service minutes,D_authored_not_estimated,,quant/scenario_inputs.json#/tiers/Free/non_offer_service_minutes_per_path/2,"90-day design horizon, not historical observations",2026-10-02,H1: existing individual iOS accounts in Japan; Japanese L1; English course around B1.1; actual speaking level separately screened,design_or_sensitivity,authored example; logical bounds checked; no empirically defensible domain established,"Not actual prices, ARPU, costs, measured adoption, retention or commercial effects; do not use D scans for real-world robust ranking"
/tiers/Free/gain_from,0,billing path index; D construction,D_authored_not_estimated,,quant/scenario_inputs.json#/tiers/Free/gain_from,"90-day design horizon, not historical observations",2026-10-02,H1: existing individual iOS accounts in Japan; Japanese L1; English course around B1.1; actual speaking level separately screened,design_or_sensitivity,authored example; logical bounds checked; no empirically defensible domain established,"Not actual prices, ARPU, costs, measured adoption, retention or commercial effects; do not use D scans for real-world robust ranking"
/tiers/Free/gain_to,1,billing path index; D construction,D_authored_not_estimated,,quant/scenario_inputs.json#/tiers/Free/gain_to,"90-day design horizon, not historical observations",2026-10-02,H1: existing individual iOS accounts in Japan; Japanese L1; English course around B1.1; actual speaking level separately screened,design_or_sensitivity,authored example; logical bounds checked; no empirically defensible domain established,"Not actual prices, ARPU, costs, measured adoption, retention or commercial effects; do not use D scans for real-world robust ranking"
/tiers/Free/loss_from,2,billing path index; D construction,D_authored_not_estimated,,quant/scenario_inputs.json#/tiers/Free/loss_from,"90-day design horizon, not historical observations",2026-10-02,H1: existing individual iOS accounts in Japan; Japanese L1; English course around B1.1; actual speaking level separately screened,design_or_sensitivity,authored example; logical bounds checked; no empirically defensible domain established,"Not actual prices, ARPU, costs, measured adoption, retention or commercial effects; do not use D scans for real-world robust ranking"
/tiers/Free/loss_to,1,billing path index; D construction,D_authored_not_estimated,,quant/scenario_inputs.json#/tiers/Free/loss_to,"90-day design horizon, not historical observations",2026-10-02,H1: existing individual iOS accounts in Japan; Japanese L1; English course around B1.1; actual speaking level separately screened,design_or_sensitivity,authored example; logical bounds checked; no empirically defensible domain established,"Not actual prices, ARPU, costs, measured adoption, retention or commercial effects; do not use D scans for real-world robust ranking"
/tiers/Super/control_probabilities/0,0.15,fraction of all originally assigned accounts in this tier,D_authored_not_estimated,,quant/scenario_inputs.json#/tiers/Super/control_probabilities/0,"90-day design horizon, not historical observations",2026-10-02,H1: existing individual iOS accounts in Japan; Japanese L1; English course around B1.1; actual speaking level separately screened,design_or_sensitivity,authored example; logical bounds checked; no empirically defensible domain established,"Not actual prices, ARPU, costs, measured adoption, retention or commercial effects; do not use D scans for real-world robust ranking"
/tiers/Super/control_probabilities/1,0.8,fraction of all originally assigned accounts in this tier,D_authored_not_estimated,,quant/scenario_inputs.json#/tiers/Super/control_probabilities/1,"90-day design horizon, not historical observations",2026-10-02,H1: existing individual iOS accounts in Japan; Japanese L1; English course around B1.1; actual speaking level separately screened,design_or_sensitivity,authored example; logical bounds checked; no empirically defensible domain established,"Not actual prices, ARPU, costs, measured adoption, retention or commercial effects; do not use D scans for real-world robust ranking"
/tiers/Super/control_probabilities/2,0.05,fraction of all originally assigned accounts in this tier,D_authored_not_estimated,,quant/scenario_inputs.json#/tiers/Super/control_probabilities/2,"90-day design horizon, not historical observations",2026-10-02,H1: existing individual iOS accounts in Japan; Japanese L1; English course around B1.1; actual speaking level separately screened,design_or_sensitivity,authored example; logical bounds checked; no empirically defensible domain established,"Not actual prices, ARPU, costs, measured adoption, retention or commercial effects; do not use D scans for real-world robust ranking"
/tiers/Super/contribution_usd_per_path/0,3.0,USD per complete 90-day billing path before AI cost,D_authored_not_estimated,,quant/scenario_inputs.json#/tiers/Super/contribution_usd_per_path/0,"90-day design horizon, not historical observations",2026-10-02,H1: existing individual iOS accounts in Japan; Japanese L1; English course around B1.1; actual speaking level separately screened,design_or_sensitivity,authored example; logical bounds checked; no empirically defensible domain established,"Not actual prices, ARPU, costs, measured adoption, retention or commercial effects; do not use D scans for real-world robust ranking"
/tiers/Super/contribution_usd_per_path/1,12.0,USD per complete 90-day billing path before AI cost,D_authored_not_estimated,,quant/scenario_inputs.json#/tiers/Super/contribution_usd_per_path/1,"90-day design horizon, not historical observations",2026-10-02,H1: existing individual iOS accounts in Japan; Japanese L1; English course around B1.1; actual speaking level separately screened,design_or_sensitivity,authored example; logical bounds checked; no empirically defensible domain established,"Not actual prices, ARPU, costs, measured adoption, retention or commercial effects; do not use D scans for real-world robust ranking"
/tiers/Super/contribution_usd_per_path/2,24.0,USD per complete 90-day billing path before AI cost,D_authored_not_estimated,,quant/scenario_inputs.json#/tiers/Super/contribution_usd_per_path/2,"90-day design horizon, not historical observations",2026-10-02,H1: existing individual iOS accounts in Japan; Japanese L1; English course around B1.1; actual speaking level separately screened,design_or_sensitivity,authored example; logical bounds checked; no empirically defensible domain established,"Not actual prices, ARPU, costs, measured adoption, retention or commercial effects; do not use D scans for real-world robust ranking"
/tiers/Super/non_offer_service_minutes_per_path/0,0.0,illustrative service minutes,D_authored_not_estimated,,quant/scenario_inputs.json#/tiers/Super/non_offer_service_minutes_per_path/0,"90-day design horizon, not historical observations",2026-10-02,H1: existing individual iOS accounts in Japan; Japanese L1; English course around B1.1; actual speaking level separately screened,design_or_sensitivity,authored example; logical bounds checked; no empirically defensible domain established,"Not actual prices, ARPU, costs, measured adoption, retention or commercial effects; do not use D scans for real-world robust ranking"
/tiers/Super/non_offer_service_minutes_per_path/1,0.0,illustrative service minutes,D_authored_not_estimated,,quant/scenario_inputs.json#/tiers/Super/non_offer_service_minutes_per_path/1,"90-day design horizon, not historical observations",2026-10-02,H1: existing individual iOS accounts in Japan; Japanese L1; English course around B1.1; actual speaking level separately screened,design_or_sensitivity,authored example; logical bounds checked; no empirically defensible domain established,"Not actual prices, ARPU, costs, measured adoption, retention or commercial effects; do not use D scans for real-world robust ranking"
/tiers/Super/non_offer_service_minutes_per_path/2,20.0,illustrative service minutes,D_authored_not_estimated,,quant/scenario_inputs.json#/tiers/Super/non_offer_service_minutes_per_path/2,"90-day design horizon, not historical observations",2026-10-02,H1: existing individual iOS accounts in Japan; Japanese L1; English course around B1.1; actual speaking level separately screened,design_or_sensitivity,authored example; logical bounds checked; no empirically defensible domain established,"Not actual prices, ARPU, costs, measured adoption, retention or commercial effects; do not use D scans for real-world robust ranking"
/tiers/Super/gain_from,0,billing path index; D construction,D_authored_not_estimated,,quant/scenario_inputs.json#/tiers/Super/gain_from,"90-day design horizon, not historical observations",2026-10-02,H1: existing individual iOS accounts in Japan; Japanese L1; English course around B1.1; actual speaking level separately screened,design_or_sensitivity,authored example; logical bounds checked; no empirically defensible domain established,"Not actual prices, ARPU, costs, measured adoption, retention or commercial effects; do not use D scans for real-world robust ranking"
/tiers/Super/gain_to,1,billing path index; D construction,D_authored_not_estimated,,quant/scenario_inputs.json#/tiers/Super/gain_to,"90-day design horizon, not historical observations",2026-10-02,H1: existing individual iOS accounts in Japan; Japanese L1; English course around B1.1; actual speaking level separately screened,design_or_sensitivity,authored example; logical bounds checked; no empirically defensible domain established,"Not actual prices, ARPU, costs, measured adoption, retention or commercial effects; do not use D scans for real-world robust ranking"
/tiers/Super/loss_from,2,billing path index; D construction,D_authored_not_estimated,,quant/scenario_inputs.json#/tiers/Super/loss_from,"90-day design horizon, not historical observations",2026-10-02,H1: existing individual iOS accounts in Japan; Japanese L1; English course around B1.1; actual speaking level separately screened,design_or_sensitivity,authored example; logical bounds checked; no empirically defensible domain established,"Not actual prices, ARPU, costs, measured adoption, retention or commercial effects; do not use D scans for real-world robust ranking"
/tiers/Super/loss_to,1,billing path index; D construction,D_authored_not_estimated,,quant/scenario_inputs.json#/tiers/Super/loss_to,"90-day design horizon, not historical observations",2026-10-02,H1: existing individual iOS accounts in Japan; Japanese L1; English course around B1.1; actual speaking level separately screened,design_or_sensitivity,authored example; logical bounds checked; no empirically defensible domain established,"Not actual prices, ARPU, costs, measured adoption, retention or commercial effects; do not use D scans for real-world robust ranking"
/tiers/Max/control_probabilities/0,0.1,fraction of all originally assigned accounts in this tier,D_authored_not_estimated,,quant/scenario_inputs.json#/tiers/Max/control_probabilities/0,"90-day design horizon, not historical observations",2026-10-02,H1: existing individual iOS accounts in Japan; Japanese L1; English course around B1.1; actual speaking level separately screened,design_or_sensitivity,authored example; logical bounds checked; no empirically defensible domain established,"Not actual prices, ARPU, costs, measured adoption, retention or commercial effects; do not use D scans for real-world robust ranking"
/tiers/Max/control_probabilities/1,0.1,fraction of all originally assigned accounts in this tier,D_authored_not_estimated,,quant/scenario_inputs.json#/tiers/Max/control_probabilities/1,"90-day design horizon, not historical observations",2026-10-02,H1: existing individual iOS accounts in Japan; Japanese L1; English course around B1.1; actual speaking level separately screened,design_or_sensitivity,authored example; logical bounds checked; no empirically defensible domain established,"Not actual prices, ARPU, costs, measured adoption, retention or commercial effects; do not use D scans for real-world robust ranking"
/tiers/Max/control_probabilities/2,0.8,fraction of all originally assigned accounts in this tier,D_authored_not_estimated,,quant/scenario_inputs.json#/tiers/Max/control_probabilities/2,"90-day design horizon, not historical observations",2026-10-02,H1: existing individual iOS accounts in Japan; Japanese L1; English course around B1.1; actual speaking level separately screened,design_or_sensitivity,authored example; logical bounds checked; no empirically defensible domain established,"Not actual prices, ARPU, costs, measured adoption, retention or commercial effects; do not use D scans for real-world robust ranking"
/tiers/Max/contribution_usd_per_path/0,6.0,USD per complete 90-day billing path before AI cost,D_authored_not_estimated,,quant/scenario_inputs.json#/tiers/Max/contribution_usd_per_path/0,"90-day design horizon, not historical observations",2026-10-02,H1: existing individual iOS accounts in Japan; Japanese L1; English course around B1.1; actual speaking level separately screened,design_or_sensitivity,authored example; logical bounds checked; no empirically defensible domain established,"Not actual prices, ARPU, costs, measured adoption, retention or commercial effects; do not use D scans for real-world robust ranking"
/tiers/Max/contribution_usd_per_path/1,14.0,USD per complete 90-day billing path before AI cost,D_authored_not_estimated,,quant/scenario_inputs.json#/tiers/Max/contribution_usd_per_path/1,"90-day design horizon, not historical observations",2026-10-02,H1: existing individual iOS accounts in Japan; Japanese L1; English course around B1.1; actual speaking level separately screened,design_or_sensitivity,authored example; logical bounds checked; no empirically defensible domain established,"Not actual prices, ARPU, costs, measured adoption, retention or commercial effects; do not use D scans for real-world robust ranking"
/tiers/Max/contribution_usd_per_path/2,24.0,USD per complete 90-day billing path before AI cost,D_authored_not_estimated,,quant/scenario_inputs.json#/tiers/Max/contribution_usd_per_path/2,"90-day design horizon, not historical observations",2026-10-02,H1: existing individual iOS accounts in Japan; Japanese L1; English course around B1.1; actual speaking level separately screened,design_or_sensitivity,authored example; logical bounds checked; no empirically defensible domain established,"Not actual prices, ARPU, costs, measured adoption, retention or commercial effects; do not use D scans for real-world robust ranking"
/tiers/Max/non_offer_service_minutes_per_path/0,2.0,illustrative service minutes,D_authored_not_estimated,,quant/scenario_inputs.json#/tiers/Max/non_offer_service_minutes_per_path/0,"90-day design horizon, not historical observations",2026-10-02,H1: existing individual iOS accounts in Japan; Japanese L1; English course around B1.1; actual speaking level separately screened,design_or_sensitivity,authored example; logical bounds checked; no empirically defensible domain established,"Not actual prices, ARPU, costs, measured adoption, retention or commercial effects; do not use D scans for real-world robust ranking"
/tiers/Max/non_offer_service_minutes_per_path/1,4.0,illustrative service minutes,D_authored_not_estimated,,quant/scenario_inputs.json#/tiers/Max/non_offer_service_minutes_per_path/1,"90-day design horizon, not historical observations",2026-10-02,H1: existing individual iOS accounts in Japan; Japanese L1; English course around B1.1; actual speaking level separately screened,design_or_sensitivity,authored example; logical bounds checked; no empirically defensible domain established,"Not actual prices, ARPU, costs, measured adoption, retention or commercial effects; do not use D scans for real-world robust ranking"
/tiers/Max/non_offer_service_minutes_per_path/2,20.0,illustrative service minutes,D_authored_not_estimated,,quant/scenario_inputs.json#/tiers/Max/non_offer_service_minutes_per_path/2,"90-day design horizon, not historical observations",2026-10-02,H1: existing individual iOS accounts in Japan; Japanese L1; English course around B1.1; actual speaking level separately screened,design_or_sensitivity,authored example; logical bounds checked; no empirically defensible domain established,"Not actual prices, ARPU, costs, measured adoption, retention or commercial effects; do not use D scans for real-world robust ranking"
/tiers/Max/gain_from,0,billing path index; D construction,D_authored_not_estimated,,quant/scenario_inputs.json#/tiers/Max/gain_from,"90-day design horizon, not historical observations",2026-10-02,H1: existing individual iOS accounts in Japan; Japanese L1; English course around B1.1; actual speaking level separately screened,design_or_sensitivity,authored example; logical bounds checked; no empirically defensible domain established,"Not actual prices, ARPU, costs, measured adoption, retention or commercial effects; do not use D scans for real-world robust ranking"
/tiers/Max/gain_to,2,billing path index; D construction,D_authored_not_estimated,,quant/scenario_inputs.json#/tiers/Max/gain_to,"90-day design horizon, not historical observations",2026-10-02,H1: existing individual iOS accounts in Japan; Japanese L1; English course around B1.1; actual speaking level separately screened,design_or_sensitivity,authored example; logical bounds checked; no empirically defensible domain established,"Not actual prices, ARPU, costs, measured adoption, retention or commercial effects; do not use D scans for real-world robust ranking"
/tiers/Max/loss_from,2,billing path index; D construction,D_authored_not_estimated,,quant/scenario_inputs.json#/tiers/Max/loss_from,"90-day design horizon, not historical observations",2026-10-02,H1: existing individual iOS accounts in Japan; Japanese L1; English course around B1.1; actual speaking level separately screened,design_or_sensitivity,authored example; logical bounds checked; no empirically defensible domain established,"Not actual prices, ARPU, costs, measured adoption, retention or commercial effects; do not use D scans for real-world robust ranking"
/tiers/Max/loss_to,1,billing path index; D construction,D_authored_not_estimated,,quant/scenario_inputs.json#/tiers/Max/loss_to,"90-day design horizon, not historical observations",2026-10-02,H1: existing individual iOS accounts in Japan; Japanese L1; English course around B1.1; actual speaking level separately screened,design_or_sensitivity,authored example; logical bounds checked; no empirically defensible domain established,"Not actual prices, ARPU, costs, measured adoption, retention or commercial effects; do not use D scans for real-world robust ranking"
/policies/P0/offer_attempt_cap,0,offer attempts including retries; per adopter unless quota cap,D_authored_not_estimated,,quant/scenario_inputs.json#/policies/P0/offer_attempt_cap,"90-day design horizon, not historical observations",2026-10-02,H1: existing individual iOS accounts in Japan; Japanese L1; English course around B1.1; actual speaking level separately screened,design_or_sensitivity,authored example; logical bounds checked; no empirically defensible domain established,"Not actual prices, ARPU, costs, measured adoption, retention or commercial effects; do not use D scans for real-world robust ranking"
/policies/P0/max_service_minutes_per_attempt,4,illustrative service minutes,D_authored_not_estimated,,quant/scenario_inputs.json#/policies/P0/max_service_minutes_per_attempt,"90-day design horizon, not historical observations",2026-10-02,H1: existing individual iOS accounts in Japan; Japanese L1; English course around B1.1; actual speaking level separately screened,design_or_sensitivity,authored example; logical bounds checked; no empirically defensible domain established,"Not actual prices, ARPU, costs, measured adoption, retention or commercial effects; do not use D scans for real-world robust ranking"
/policies/P1/offer_attempt_cap,24,offer attempts including retries; per adopter unless quota cap,D_authored_not_estimated,,quant/scenario_inputs.json#/policies/P1/offer_attempt_cap,"90-day design horizon, not historical observations",2026-10-02,H1: existing individual iOS accounts in Japan; Japanese L1; English course around B1.1; actual speaking level separately screened,design_or_sensitivity,authored example; logical bounds checked; no empirically defensible domain established,"Not actual prices, ARPU, costs, measured adoption, retention or commercial effects; do not use D scans for real-world robust ranking"
/policies/P1/max_service_minutes_per_attempt,4,illustrative service minutes,D_authored_not_estimated,,quant/scenario_inputs.json#/policies/P1/max_service_minutes_per_attempt,"90-day design horizon, not historical observations",2026-10-02,H1: existing individual iOS accounts in Japan; Japanese L1; English course around B1.1; actual speaking level separately screened,design_or_sensitivity,authored example; logical bounds checked; no empirically defensible domain established,"Not actual prices, ARPU, costs, measured adoption, retention or commercial effects; do not use D scans for real-world robust ranking"
/policies/P2/offer_attempt_cap,4,offer attempts including retries; per adopter unless quota cap,D_authored_not_estimated,,quant/scenario_inputs.json#/policies/P2/offer_attempt_cap,"90-day design horizon, not historical observations",2026-10-02,H1: existing individual iOS accounts in Japan; Japanese L1; English course around B1.1; actual speaking level separately screened,design_or_sensitivity,authored example; logical bounds checked; no empirically defensible domain established,"Not actual prices, ARPU, costs, measured adoption, retention or commercial effects; do not use D scans for real-world robust ranking"
/policies/P2/max_service_minutes_per_attempt,4,illustrative service minutes,D_authored_not_estimated,,quant/scenario_inputs.json#/policies/P2/max_service_minutes_per_attempt,"90-day design horizon, not historical observations",2026-10-02,H1: existing individual iOS accounts in Japan; Japanese L1; English course around B1.1; actual speaking level separately screened,design_or_sensitivity,authored example; logical bounds checked; no empirically defensible domain established,"Not actual prices, ARPU, costs, measured adoption, retention or commercial effects; do not use D scans for real-world robust ranking"
/scenarios/low/exposure_probability,0.7,fraction of all originally assigned accounts in this tier,D_authored_not_estimated,,quant/scenario_inputs.json#/scenarios/low/exposure_probability,"90-day design horizon, not historical observations",2026-10-02,H1: existing individual iOS accounts in Japan; Japanese L1; English course around B1.1; actual speaking level separately screened,design_or_sensitivity,authored example; logical bounds checked; no empirically defensible domain established,"Not actual prices, ARPU, costs, measured adoption, retention or commercial effects; do not use D scans for real-world robust ranking"
/scenarios/low/adoption_given_exposure,0.25,fraction of exposed accounts,D_authored_not_estimated,,quant/scenario_inputs.json#/scenarios/low/adoption_given_exposure,"90-day design horizon, not historical observations",2026-10-02,H1: existing individual iOS accounts in Japan; Japanese L1; English course around B1.1; actual speaking level separately screened,design_or_sensitivity,authored example; logical bounds checked; no empirically defensible domain established,"Not actual prices, ARPU, costs, measured adoption, retention or commercial effects; do not use D scans for real-world robust ranking"
/scenarios/low/success_probability,0.75,fraction of offer attempts,D_authored_not_estimated,,quant/scenario_inputs.json#/scenarios/low/success_probability,"90-day design horizon, not historical observations",2026-10-02,H1: existing individual iOS accounts in Japan; Japanese L1; English course around B1.1; actual speaking level separately screened,design_or_sensitivity,authored example; logical bounds checked; no empirically defensible domain established,"Not actual prices, ARPU, costs, measured adoption, retention or commercial effects; do not use D scans for real-world robust ranking"
/scenarios/low/successful_service_minutes,2.0,illustrative service minutes,D_authored_not_estimated,,quant/scenario_inputs.json#/scenarios/low/successful_service_minutes,"90-day design horizon, not historical observations",2026-10-02,H1: existing individual iOS accounts in Japan; Japanese L1; English course around B1.1; actual speaking level separately screened,design_or_sensitivity,authored example; logical bounds checked; no empirically defensible domain established,"Not actual prices, ARPU, costs, measured adoption, retention or commercial effects; do not use D scans for real-world robust ranking"
/scenarios/low/failed_service_minutes,0.5,illustrative service minutes,D_authored_not_estimated,,quant/scenario_inputs.json#/scenarios/low/failed_service_minutes,"90-day design horizon, not historical observations",2026-10-02,H1: existing individual iOS accounts in Japan; Japanese L1; English course around B1.1; actual speaking level separately screened,design_or_sensitivity,authored example; logical bounds checked; no empirically defensible domain established,"Not actual prices, ARPU, costs, measured adoption, retention or commercial effects; do not use D scans for real-world robust ranking"
/scenarios/low/effective_minutes_per_success,1.5,D effective practice minutes,D_authored_not_estimated,,quant/scenario_inputs.json#/scenarios/low/effective_minutes_per_success,"90-day design horizon, not historical observations",2026-10-02,H1: existing individual iOS accounts in Japan; Japanese L1; English course around B1.1; actual speaking level separately screened,design_or_sensitivity,authored example; logical bounds checked; no empirically defensible domain established,"Not actual prices, ARPU, costs, measured adoption, retention or commercial effects; do not use D scans for real-world robust ranking"
/scenarios/low/P1/offer_attempts_per_adopter,2,offer attempts including retries; per adopter unless quota cap,D_authored_not_estimated,,quant/scenario_inputs.json#/scenarios/low/P1/offer_attempts_per_adopter,"90-day design horizon, not historical observations",2026-10-02,H1: existing individual iOS accounts in Japan; Japanese L1; English course around B1.1; actual speaking level separately screened,design_or_sensitivity,authored example; logical bounds checked; no empirically defensible domain established,"Not actual prices, ARPU, costs, measured adoption, retention or commercial effects; do not use D scans for real-world robust ranking"
/scenarios/low/P1/Super_gain_rate,0.02,fraction of all originally assigned accounts in this tier,D_authored_not_estimated,,quant/scenario_inputs.json#/scenarios/low/P1/Super_gain_rate,"90-day design horizon, not historical observations",2026-10-02,H1: existing individual iOS accounts in Japan; Japanese L1; English course around B1.1; actual speaking level separately screened,design_or_sensitivity,authored example; logical bounds checked; no empirically defensible domain established,"Not actual prices, ARPU, costs, measured adoption, retention or commercial effects; do not use D scans for real-world robust ranking"
/scenarios/low/P1/Super_loss_rate,0.004,fraction of all originally assigned accounts in this tier,D_authored_not_estimated,,quant/scenario_inputs.json#/scenarios/low/P1/Super_loss_rate,"90-day design horizon, not historical observations",2026-10-02,H1: existing individual iOS accounts in Japan; Japanese L1; English course around B1.1; actual speaking level separately screened,design_or_sensitivity,authored example; logical bounds checked; no empirically defensible domain established,"Not actual prices, ARPU, costs, measured adoption, retention or commercial effects; do not use D scans for real-world robust ranking"
/scenarios/low/P1/Max_loss_rate,0.003,fraction of all originally assigned accounts in this tier,D_authored_not_estimated,,quant/scenario_inputs.json#/scenarios/low/P1/Max_loss_rate,"90-day design horizon, not historical observations",2026-10-02,H1: existing individual iOS accounts in Japan; Japanese L1; English course around B1.1; actual speaking level separately screened,design_or_sensitivity,authored example; logical bounds checked; no empirically defensible domain established,"Not actual prices, ARPU, costs, measured adoption, retention or commercial effects; do not use D scans for real-world robust ranking"
/scenarios/low/P2/offer_attempts_per_adopter,1,offer attempts including retries; per adopter unless quota cap,D_authored_not_estimated,,quant/scenario_inputs.json#/scenarios/low/P2/offer_attempts_per_adopter,"90-day design horizon, not historical observations",2026-10-02,H1: existing individual iOS accounts in Japan; Japanese L1; English course around B1.1; actual speaking level separately screened,design_or_sensitivity,authored example; logical bounds checked; no empirically defensible domain established,"Not actual prices, ARPU, costs, measured adoption, retention or commercial effects; do not use D scans for real-world robust ranking"
/scenarios/low/P2/Free_gain_rate,0.005,fraction of all originally assigned accounts in this tier,D_authored_not_estimated,,quant/scenario_inputs.json#/scenarios/low/P2/Free_gain_rate,"90-day design horizon, not historical observations",2026-10-02,H1: existing individual iOS accounts in Japan; Japanese L1; English course around B1.1; actual speaking level separately screened,design_or_sensitivity,authored example; logical bounds checked; no empirically defensible domain established,"Not actual prices, ARPU, costs, measured adoption, retention or commercial effects; do not use D scans for real-world robust ranking"
/scenarios/low/P2/Free_loss_rate,0.002,fraction of all originally assigned accounts in this tier,D_authored_not_estimated,,quant/scenario_inputs.json#/scenarios/low/P2/Free_loss_rate,"90-day design horizon, not historical observations",2026-10-02,H1: existing individual iOS accounts in Japan; Japanese L1; English course around B1.1; actual speaking level separately screened,design_or_sensitivity,authored example; logical bounds checked; no empirically defensible domain established,"Not actual prices, ARPU, costs, measured adoption, retention or commercial effects; do not use D scans for real-world robust ranking"
/scenarios/low/P2/Super_loss_rate,0.001,fraction of all originally assigned accounts in this tier,D_authored_not_estimated,,quant/scenario_inputs.json#/scenarios/low/P2/Super_loss_rate,"90-day design horizon, not historical observations",2026-10-02,H1: existing individual iOS accounts in Japan; Japanese L1; English course around B1.1; actual speaking level separately screened,design_or_sensitivity,authored example; logical bounds checked; no empirically defensible domain established,"Not actual prices, ARPU, costs, measured adoption, retention or commercial effects; do not use D scans for real-world robust ranking"
/scenarios/low/P2/Max_loss_rate,0.001,fraction of all originally assigned accounts in this tier,D_authored_not_estimated,,quant/scenario_inputs.json#/scenarios/low/P2/Max_loss_rate,"90-day design horizon, not historical observations",2026-10-02,H1: existing individual iOS accounts in Japan; Japanese L1; English course around B1.1; actual speaking level separately screened,design_or_sensitivity,authored example; logical bounds checked; no empirically defensible domain established,"Not actual prices, ARPU, costs, measured adoption, retention or commercial effects; do not use D scans for real-world robust ranking"
/scenarios/base/exposure_probability,0.85,fraction of all originally assigned accounts in this tier,D_authored_not_estimated,,quant/scenario_inputs.json#/scenarios/base/exposure_probability,"90-day design horizon, not historical observations",2026-10-02,H1: existing individual iOS accounts in Japan; Japanese L1; English course around B1.1; actual speaking level separately screened,design_or_sensitivity,authored example; logical bounds checked; no empirically defensible domain established,"Not actual prices, ARPU, costs, measured adoption, retention or commercial effects; do not use D scans for real-world robust ranking"
/scenarios/base/adoption_given_exposure,0.4,fraction of exposed accounts,D_authored_not_estimated,,quant/scenario_inputs.json#/scenarios/base/adoption_given_exposure,"90-day design horizon, not historical observations",2026-10-02,H1: existing individual iOS accounts in Japan; Japanese L1; English course around B1.1; actual speaking level separately screened,design_or_sensitivity,authored example; logical bounds checked; no empirically defensible domain established,"Not actual prices, ARPU, costs, measured adoption, retention or commercial effects; do not use D scans for real-world robust ranking"
/scenarios/base/success_probability,0.85,fraction of offer attempts,D_authored_not_estimated,,quant/scenario_inputs.json#/scenarios/base/success_probability,"90-day design horizon, not historical observations",2026-10-02,H1: existing individual iOS accounts in Japan; Japanese L1; English course around B1.1; actual speaking level separately screened,design_or_sensitivity,authored example; logical bounds checked; no empirically defensible domain established,"Not actual prices, ARPU, costs, measured adoption, retention or commercial effects; do not use D scans for real-world robust ranking"
/scenarios/base/successful_service_minutes,3.0,illustrative service minutes,D_authored_not_estimated,,quant/scenario_inputs.json#/scenarios/base/successful_service_minutes,"90-day design horizon, not historical observations",2026-10-02,H1: existing individual iOS accounts in Japan; Japanese L1; English course around B1.1; actual speaking level separately screened,design_or_sensitivity,authored example; logical bounds checked; no empirically defensible domain established,"Not actual prices, ARPU, costs, measured adoption, retention or commercial effects; do not use D scans for real-world robust ranking"
/scenarios/base/failed_service_minutes,0.75,illustrative service minutes,D_authored_not_estimated,,quant/scenario_inputs.json#/scenarios/base/failed_service_minutes,"90-day design horizon, not historical observations",2026-10-02,H1: existing individual iOS accounts in Japan; Japanese L1; English course around B1.1; actual speaking level separately screened,design_or_sensitivity,authored example; logical bounds checked; no empirically defensible domain established,"Not actual prices, ARPU, costs, measured adoption, retention or commercial effects; do not use D scans for real-world robust ranking"
/scenarios/base/effective_minutes_per_success,2.5,D effective practice minutes,D_authored_not_estimated,,quant/scenario_inputs.json#/scenarios/base/effective_minutes_per_success,"90-day design horizon, not historical observations",2026-10-02,H1: existing individual iOS accounts in Japan; Japanese L1; English course around B1.1; actual speaking level separately screened,design_or_sensitivity,authored example; logical bounds checked; no empirically defensible domain established,"Not actual prices, ARPU, costs, measured adoption, retention or commercial effects; do not use D scans for real-world robust ranking"
/scenarios/base/P1/offer_attempts_per_adopter,6,offer attempts including retries; per adopter unless quota cap,D_authored_not_estimated,,quant/scenario_inputs.json#/scenarios/base/P1/offer_attempts_per_adopter,"90-day design horizon, not historical observations",2026-10-02,H1: existing individual iOS accounts in Japan; Japanese L1; English course around B1.1; actual speaking level separately screened,design_or_sensitivity,authored example; logical bounds checked; no empirically defensible domain established,"Not actual prices, ARPU, costs, measured adoption, retention or commercial effects; do not use D scans for real-world robust ranking"
/scenarios/base/P1/Super_gain_rate,0.04,fraction of all originally assigned accounts in this tier,D_authored_not_estimated,,quant/scenario_inputs.json#/scenarios/base/P1/Super_gain_rate,"90-day design horizon, not historical observations",2026-10-02,H1: existing individual iOS accounts in Japan; Japanese L1; English course around B1.1; actual speaking level separately screened,design_or_sensitivity,authored example; logical bounds checked; no empirically defensible domain established,"Not actual prices, ARPU, costs, measured adoption, retention or commercial effects; do not use D scans for real-world robust ranking"
/scenarios/base/P1/Super_loss_rate,0.01,fraction of all originally assigned accounts in this tier,D_authored_not_estimated,,quant/scenario_inputs.json#/scenarios/base/P1/Super_loss_rate,"90-day design horizon, not historical observations",2026-10-02,H1: existing individual iOS accounts in Japan; Japanese L1; English course around B1.1; actual speaking level separately screened,design_or_sensitivity,authored example; logical bounds checked; no empirically defensible domain established,"Not actual prices, ARPU, costs, measured adoption, retention or commercial effects; do not use D scans for real-world robust ranking"
/scenarios/base/P1/Max_loss_rate,0.006,fraction of all originally assigned accounts in this tier,D_authored_not_estimated,,quant/scenario_inputs.json#/scenarios/base/P1/Max_loss_rate,"90-day design horizon, not historical observations",2026-10-02,H1: existing individual iOS accounts in Japan; Japanese L1; English course around B1.1; actual speaking level separately screened,design_or_sensitivity,authored example; logical bounds checked; no empirically defensible domain established,"Not actual prices, ARPU, costs, measured adoption, retention or commercial effects; do not use D scans for real-world robust ranking"
/scenarios/base/P2/offer_attempts_per_adopter,2,offer attempts including retries; per adopter unless quota cap,D_authored_not_estimated,,quant/scenario_inputs.json#/scenarios/base/P2/offer_attempts_per_adopter,"90-day design horizon, not historical observations",2026-10-02,H1: existing individual iOS accounts in Japan; Japanese L1; English course around B1.1; actual speaking level separately screened,design_or_sensitivity,authored example; logical bounds checked; no empirically defensible domain established,"Not actual prices, ARPU, costs, measured adoption, retention or commercial effects; do not use D scans for real-world robust ranking"
/scenarios/base/P2/Free_gain_rate,0.015,fraction of all originally assigned accounts in this tier,D_authored_not_estimated,,quant/scenario_inputs.json#/scenarios/base/P2/Free_gain_rate,"90-day design horizon, not historical observations",2026-10-02,H1: existing individual iOS accounts in Japan; Japanese L1; English course around B1.1; actual speaking level separately screened,design_or_sensitivity,authored example; logical bounds checked; no empirically defensible domain established,"Not actual prices, ARPU, costs, measured adoption, retention or commercial effects; do not use D scans for real-world robust ranking"
/scenarios/base/P2/Free_loss_rate,0.004,fraction of all originally assigned accounts in this tier,D_authored_not_estimated,,quant/scenario_inputs.json#/scenarios/base/P2/Free_loss_rate,"90-day design horizon, not historical observations",2026-10-02,H1: existing individual iOS accounts in Japan; Japanese L1; English course around B1.1; actual speaking level separately screened,design_or_sensitivity,authored example; logical bounds checked; no empirically defensible domain established,"Not actual prices, ARPU, costs, measured adoption, retention or commercial effects; do not use D scans for real-world robust ranking"
/scenarios/base/P2/Super_loss_rate,0.002,fraction of all originally assigned accounts in this tier,D_authored_not_estimated,,quant/scenario_inputs.json#/scenarios/base/P2/Super_loss_rate,"90-day design horizon, not historical observations",2026-10-02,H1: existing individual iOS accounts in Japan; Japanese L1; English course around B1.1; actual speaking level separately screened,design_or_sensitivity,authored example; logical bounds checked; no empirically defensible domain established,"Not actual prices, ARPU, costs, measured adoption, retention or commercial effects; do not use D scans for real-world robust ranking"
/scenarios/base/P2/Max_loss_rate,0.002,fraction of all originally assigned accounts in this tier,D_authored_not_estimated,,quant/scenario_inputs.json#/scenarios/base/P2/Max_loss_rate,"90-day design horizon, not historical observations",2026-10-02,H1: existing individual iOS accounts in Japan; Japanese L1; English course around B1.1; actual speaking level separately screened,design_or_sensitivity,authored example; logical bounds checked; no empirically defensible domain established,"Not actual prices, ARPU, costs, measured adoption, retention or commercial effects; do not use D scans for real-world robust ranking"
/scenarios/high/exposure_probability,0.95,fraction of all originally assigned accounts in this tier,D_authored_not_estimated,,quant/scenario_inputs.json#/scenarios/high/exposure_probability,"90-day design horizon, not historical observations",2026-10-02,H1: existing individual iOS accounts in Japan; Japanese L1; English course around B1.1; actual speaking level separately screened,design_or_sensitivity,authored example; logical bounds checked; no empirically defensible domain established,"Not actual prices, ARPU, costs, measured adoption, retention or commercial effects; do not use D scans for real-world robust ranking"
/scenarios/high/adoption_given_exposure,0.6,fraction of exposed accounts,D_authored_not_estimated,,quant/scenario_inputs.json#/scenarios/high/adoption_given_exposure,"90-day design horizon, not historical observations",2026-10-02,H1: existing individual iOS accounts in Japan; Japanese L1; English course around B1.1; actual speaking level separately screened,design_or_sensitivity,authored example; logical bounds checked; no empirically defensible domain established,"Not actual prices, ARPU, costs, measured adoption, retention or commercial effects; do not use D scans for real-world robust ranking"
/scenarios/high/success_probability,0.92,fraction of offer attempts,D_authored_not_estimated,,quant/scenario_inputs.json#/scenarios/high/success_probability,"90-day design horizon, not historical observations",2026-10-02,H1: existing individual iOS accounts in Japan; Japanese L1; English course around B1.1; actual speaking level separately screened,design_or_sensitivity,authored example; logical bounds checked; no empirically defensible domain established,"Not actual prices, ARPU, costs, measured adoption, retention or commercial effects; do not use D scans for real-world robust ranking"
/scenarios/high/successful_service_minutes,4.0,illustrative service minutes,D_authored_not_estimated,,quant/scenario_inputs.json#/scenarios/high/successful_service_minutes,"90-day design horizon, not historical observations",2026-10-02,H1: existing individual iOS accounts in Japan; Japanese L1; English course around B1.1; actual speaking level separately screened,design_or_sensitivity,authored example; logical bounds checked; no empirically defensible domain established,"Not actual prices, ARPU, costs, measured adoption, retention or commercial effects; do not use D scans for real-world robust ranking"
/scenarios/high/failed_service_minutes,1.0,illustrative service minutes,D_authored_not_estimated,,quant/scenario_inputs.json#/scenarios/high/failed_service_minutes,"90-day design horizon, not historical observations",2026-10-02,H1: existing individual iOS accounts in Japan; Japanese L1; English course around B1.1; actual speaking level separately screened,design_or_sensitivity,authored example; logical bounds checked; no empirically defensible domain established,"Not actual prices, ARPU, costs, measured adoption, retention or commercial effects; do not use D scans for real-world robust ranking"
/scenarios/high/effective_minutes_per_success,3.5,D effective practice minutes,D_authored_not_estimated,,quant/scenario_inputs.json#/scenarios/high/effective_minutes_per_success,"90-day design horizon, not historical observations",2026-10-02,H1: existing individual iOS accounts in Japan; Japanese L1; English course around B1.1; actual speaking level separately screened,design_or_sensitivity,authored example; logical bounds checked; no empirically defensible domain established,"Not actual prices, ARPU, costs, measured adoption, retention or commercial effects; do not use D scans for real-world robust ranking"
/scenarios/high/P1/offer_attempts_per_adopter,12,offer attempts including retries; per adopter unless quota cap,D_authored_not_estimated,,quant/scenario_inputs.json#/scenarios/high/P1/offer_attempts_per_adopter,"90-day design horizon, not historical observations",2026-10-02,H1: existing individual iOS accounts in Japan; Japanese L1; English course around B1.1; actual speaking level separately screened,design_or_sensitivity,authored example; logical bounds checked; no empirically defensible domain established,"Not actual prices, ARPU, costs, measured adoption, retention or commercial effects; do not use D scans for real-world robust ranking"
/scenarios/high/P1/Super_gain_rate,0.08,fraction of all originally assigned accounts in this tier,D_authored_not_estimated,,quant/scenario_inputs.json#/scenarios/high/P1/Super_gain_rate,"90-day design horizon, not historical observations",2026-10-02,H1: existing individual iOS accounts in Japan; Japanese L1; English course around B1.1; actual speaking level separately screened,design_or_sensitivity,authored example; logical bounds checked; no empirically defensible domain established,"Not actual prices, ARPU, costs, measured adoption, retention or commercial effects; do not use D scans for real-world robust ranking"
/scenarios/high/P1/Super_loss_rate,0.018,fraction of all originally assigned accounts in this tier,D_authored_not_estimated,,quant/scenario_inputs.json#/scenarios/high/P1/Super_loss_rate,"90-day design horizon, not historical observations",2026-10-02,H1: existing individual iOS accounts in Japan; Japanese L1; English course around B1.1; actual speaking level separately screened,design_or_sensitivity,authored example; logical bounds checked; no empirically defensible domain established,"Not actual prices, ARPU, costs, measured adoption, retention or commercial effects; do not use D scans for real-world robust ranking"
/scenarios/high/P1/Max_loss_rate,0.01,fraction of all originally assigned accounts in this tier,D_authored_not_estimated,,quant/scenario_inputs.json#/scenarios/high/P1/Max_loss_rate,"90-day design horizon, not historical observations",2026-10-02,H1: existing individual iOS accounts in Japan; Japanese L1; English course around B1.1; actual speaking level separately screened,design_or_sensitivity,authored example; logical bounds checked; no empirically defensible domain established,"Not actual prices, ARPU, costs, measured adoption, retention or commercial effects; do not use D scans for real-world robust ranking"
/scenarios/high/P2/offer_attempts_per_adopter,4,offer attempts including retries; per adopter unless quota cap,D_authored_not_estimated,,quant/scenario_inputs.json#/scenarios/high/P2/offer_attempts_per_adopter,"90-day design horizon, not historical observations",2026-10-02,H1: existing individual iOS accounts in Japan; Japanese L1; English course around B1.1; actual speaking level separately screened,design_or_sensitivity,authored example; logical bounds checked; no empirically defensible domain established,"Not actual prices, ARPU, costs, measured adoption, retention or commercial effects; do not use D scans for real-world robust ranking"
/scenarios/high/P2/Free_gain_rate,0.03,fraction of all originally assigned accounts in this tier,D_authored_not_estimated,,quant/scenario_inputs.json#/scenarios/high/P2/Free_gain_rate,"90-day design horizon, not historical observations",2026-10-02,H1: existing individual iOS accounts in Japan; Japanese L1; English course around B1.1; actual speaking level separately screened,design_or_sensitivity,authored example; logical bounds checked; no empirically defensible domain established,"Not actual prices, ARPU, costs, measured adoption, retention or commercial effects; do not use D scans for real-world robust ranking"
/scenarios/high/P2/Free_loss_rate,0.007,fraction of all originally assigned accounts in this tier,D_authored_not_estimated,,quant/scenario_inputs.json#/scenarios/high/P2/Free_loss_rate,"90-day design horizon, not historical observations",2026-10-02,H1: existing individual iOS accounts in Japan; Japanese L1; English course around B1.1; actual speaking level separately screened,design_or_sensitivity,authored example; logical bounds checked; no empirically defensible domain established,"Not actual prices, ARPU, costs, measured adoption, retention or commercial effects; do not use D scans for real-world robust ranking"
/scenarios/high/P2/Super_loss_rate,0.004,fraction of all originally assigned accounts in this tier,D_authored_not_estimated,,quant/scenario_inputs.json#/scenarios/high/P2/Super_loss_rate,"90-day design horizon, not historical observations",2026-10-02,H1: existing individual iOS accounts in Japan; Japanese L1; English course around B1.1; actual speaking level separately screened,design_or_sensitivity,authored example; logical bounds checked; no empirically defensible domain established,"Not actual prices, ARPU, costs, measured adoption, retention or commercial effects; do not use D scans for real-world robust ranking"
/scenarios/high/P2/Max_loss_rate,0.004,fraction of all originally assigned accounts in this tier,D_authored_not_estimated,,quant/scenario_inputs.json#/scenarios/high/P2/Max_loss_rate,"90-day design horizon, not historical observations",2026-10-02,H1: existing individual iOS accounts in Japan; Japanese L1; English course around B1.1; actual speaking level separately screened,design_or_sensitivity,authored example; logical bounds checked; no empirically defensible domain established,"Not actual prices, ARPU, costs, measured adoption, retention or commercial effects; do not use D scans for real-world robust ranking"
/sensitivity/P1_gain_rates/0,0.0,fraction of all originally assigned accounts in this tier,D_authored_not_estimated,,quant/scenario_inputs.json#/sensitivity/P1_gain_rates/0,"90-day design horizon, not historical observations",2026-10-02,H1: existing individual iOS accounts in Japan; Japanese L1; English course around B1.1; actual speaking level separately screened,design_or_sensitivity,authored example; logical bounds checked; no empirically defensible domain established,"Not actual prices, ARPU, costs, measured adoption, retention or commercial effects; do not use D scans for real-world robust ranking"
/sensitivity/P1_gain_rates/1,0.01,fraction of all originally assigned accounts in this tier,D_authored_not_estimated,,quant/scenario_inputs.json#/sensitivity/P1_gain_rates/1,"90-day design horizon, not historical observations",2026-10-02,H1: existing individual iOS accounts in Japan; Japanese L1; English course around B1.1; actual speaking level separately screened,design_or_sensitivity,authored example; logical bounds checked; no empirically defensible domain established,"Not actual prices, ARPU, costs, measured adoption, retention or commercial effects; do not use D scans for real-world robust ranking"
/sensitivity/P1_gain_rates/2,0.02,fraction of all originally assigned accounts in this tier,D_authored_not_estimated,,quant/scenario_inputs.json#/sensitivity/P1_gain_rates/2,"90-day design horizon, not historical observations",2026-10-02,H1: existing individual iOS accounts in Japan; Japanese L1; English course around B1.1; actual speaking level separately screened,design_or_sensitivity,authored example; logical bounds checked; no empirically defensible domain established,"Not actual prices, ARPU, costs, measured adoption, retention or commercial effects; do not use D scans for real-world robust ranking"
/sensitivity/P1_gain_rates/3,0.04,fraction of all originally assigned accounts in this tier,D_authored_not_estimated,,quant/scenario_inputs.json#/sensitivity/P1_gain_rates/3,"90-day design horizon, not historical observations",2026-10-02,H1: existing individual iOS accounts in Japan; Japanese L1; English course around B1.1; actual speaking level separately screened,design_or_sensitivity,authored example; logical bounds checked; no empirically defensible domain established,"Not actual prices, ARPU, costs, measured adoption, retention or commercial effects; do not use D scans for real-world robust ranking"
/sensitivity/P1_gain_rates/4,0.08,fraction of all originally assigned accounts in this tier,D_authored_not_estimated,,quant/scenario_inputs.json#/sensitivity/P1_gain_rates/4,"90-day design horizon, not historical observations",2026-10-02,H1: existing individual iOS accounts in Japan; Japanese L1; English course around B1.1; actual speaking level separately screened,design_or_sensitivity,authored example; logical bounds checked; no empirically defensible domain established,"Not actual prices, ARPU, costs, measured adoption, retention or commercial effects; do not use D scans for real-world robust ranking"
/sensitivity/P1_gain_rates/5,0.15,fraction of all originally assigned accounts in this tier,D_authored_not_estimated,,quant/scenario_inputs.json#/sensitivity/P1_gain_rates/5,"90-day design horizon, not historical observations",2026-10-02,H1: existing individual iOS accounts in Japan; Japanese L1; English course around B1.1; actual speaking level separately screened,design_or_sensitivity,authored example; logical bounds checked; no empirically defensible domain established,"Not actual prices, ARPU, costs, measured adoption, retention or commercial effects; do not use D scans for real-world robust ranking"
/sensitivity/P1_loss_rates/0,0.0,fraction of all originally assigned accounts in this tier,D_authored_not_estimated,,quant/scenario_inputs.json#/sensitivity/P1_loss_rates/0,"90-day design horizon, not historical observations",2026-10-02,H1: existing individual iOS accounts in Japan; Japanese L1; English course around B1.1; actual speaking level separately screened,design_or_sensitivity,authored example; logical bounds checked; no empirically defensible domain established,"Not actual prices, ARPU, costs, measured adoption, retention or commercial effects; do not use D scans for real-world robust ranking"
/sensitivity/P1_loss_rates/1,0.003,fraction of all originally assigned accounts in this tier,D_authored_not_estimated,,quant/scenario_inputs.json#/sensitivity/P1_loss_rates/1,"90-day design horizon, not historical observations",2026-10-02,H1: existing individual iOS accounts in Japan; Japanese L1; English course around B1.1; actual speaking level separately screened,design_or_sensitivity,authored example; logical bounds checked; no empirically defensible domain established,"Not actual prices, ARPU, costs, measured adoption, retention or commercial effects; do not use D scans for real-world robust ranking"
/sensitivity/P1_loss_rates/2,0.006,fraction of all originally assigned accounts in this tier,D_authored_not_estimated,,quant/scenario_inputs.json#/sensitivity/P1_loss_rates/2,"90-day design horizon, not historical observations",2026-10-02,H1: existing individual iOS accounts in Japan; Japanese L1; English course around B1.1; actual speaking level separately screened,design_or_sensitivity,authored example; logical bounds checked; no empirically defensible domain established,"Not actual prices, ARPU, costs, measured adoption, retention or commercial effects; do not use D scans for real-world robust ranking"
/sensitivity/P1_loss_rates/3,0.012,fraction of all originally assigned accounts in this tier,D_authored_not_estimated,,quant/scenario_inputs.json#/sensitivity/P1_loss_rates/3,"90-day design horizon, not historical observations",2026-10-02,H1: existing individual iOS accounts in Japan; Japanese L1; English course around B1.1; actual speaking level separately screened,design_or_sensitivity,authored example; logical bounds checked; no empirically defensible domain established,"Not actual prices, ARPU, costs, measured adoption, retention or commercial effects; do not use D scans for real-world robust ranking"
/sensitivity/P1_loss_rates/4,0.018,fraction of all originally assigned accounts in this tier,D_authored_not_estimated,,quant/scenario_inputs.json#/sensitivity/P1_loss_rates/4,"90-day design horizon, not historical observations",2026-10-02,H1: existing individual iOS accounts in Japan; Japanese L1; English course around B1.1; actual speaking level separately screened,design_or_sensitivity,authored example; logical bounds checked; no empirically defensible domain established,"Not actual prices, ARPU, costs, measured adoption, retention or commercial effects; do not use D scans for real-world robust ranking"
/sensitivity/P1_loss_rates/5,0.03,fraction of all originally assigned accounts in this tier,D_authored_not_estimated,,quant/scenario_inputs.json#/sensitivity/P1_loss_rates/5,"90-day design horizon, not historical observations",2026-10-02,H1: existing individual iOS accounts in Japan; Japanese L1; English course around B1.1; actual speaking level separately screened,design_or_sensitivity,authored example; logical bounds checked; no empirically defensible domain established,"Not actual prices, ARPU, costs, measured adoption, retention or commercial effects; do not use D scans for real-world robust ranking"
/sensitivity/P2_gain_rates/0,0.0,fraction of all originally assigned accounts in this tier,D_authored_not_estimated,,quant/scenario_inputs.json#/sensitivity/P2_gain_rates/0,"90-day design horizon, not historical observations",2026-10-02,H1: existing individual iOS accounts in Japan; Japanese L1; English course around B1.1; actual speaking level separately screened,design_or_sensitivity,authored example; logical bounds checked; no empirically defensible domain established,"Not actual prices, ARPU, costs, measured adoption, retention or commercial effects; do not use D scans for real-world robust ranking"
/sensitivity/P2_gain_rates/1,0.005,fraction of all originally assigned accounts in this tier,D_authored_not_estimated,,quant/scenario_inputs.json#/sensitivity/P2_gain_rates/1,"90-day design horizon, not historical observations",2026-10-02,H1: existing individual iOS accounts in Japan; Japanese L1; English course around B1.1; actual speaking level separately screened,design_or_sensitivity,authored example; logical bounds checked; no empirically defensible domain established,"Not actual prices, ARPU, costs, measured adoption, retention or commercial effects; do not use D scans for real-world robust ranking"
/sensitivity/P2_gain_rates/2,0.015,fraction of all originally assigned accounts in this tier,D_authored_not_estimated,,quant/scenario_inputs.json#/sensitivity/P2_gain_rates/2,"90-day design horizon, not historical observations",2026-10-02,H1: existing individual iOS accounts in Japan; Japanese L1; English course around B1.1; actual speaking level separately screened,design_or_sensitivity,authored example; logical bounds checked; no empirically defensible domain established,"Not actual prices, ARPU, costs, measured adoption, retention or commercial effects; do not use D scans for real-world robust ranking"
/sensitivity/P2_gain_rates/3,0.03,fraction of all originally assigned accounts in this tier,D_authored_not_estimated,,quant/scenario_inputs.json#/sensitivity/P2_gain_rates/3,"90-day design horizon, not historical observations",2026-10-02,H1: existing individual iOS accounts in Japan; Japanese L1; English course around B1.1; actual speaking level separately screened,design_or_sensitivity,authored example; logical bounds checked; no empirically defensible domain established,"Not actual prices, ARPU, costs, measured adoption, retention or commercial effects; do not use D scans for real-world robust ranking"
/sensitivity/P2_gain_rates/4,0.06,fraction of all originally assigned accounts in this tier,D_authored_not_estimated,,quant/scenario_inputs.json#/sensitivity/P2_gain_rates/4,"90-day design horizon, not historical observations",2026-10-02,H1: existing individual iOS accounts in Japan; Japanese L1; English course around B1.1; actual speaking level separately screened,design_or_sensitivity,authored example; logical bounds checked; no empirically defensible domain established,"Not actual prices, ARPU, costs, measured adoption, retention or commercial effects; do not use D scans for real-world robust ranking"
/sensitivity/P2_gain_rates/5,0.1,fraction of all originally assigned accounts in this tier,D_authored_not_estimated,,quant/scenario_inputs.json#/sensitivity/P2_gain_rates/5,"90-day design horizon, not historical observations",2026-10-02,H1: existing individual iOS accounts in Japan; Japanese L1; English course around B1.1; actual speaking level separately screened,design_or_sensitivity,authored example; logical bounds checked; no empirically defensible domain established,"Not actual prices, ARPU, costs, measured adoption, retention or commercial effects; do not use D scans for real-world robust ranking"
/sensitivity/P2_loss_rates/0,0.0,fraction of all originally assigned accounts in this tier,D_authored_not_estimated,,quant/scenario_inputs.json#/sensitivity/P2_loss_rates/0,"90-day design horizon, not historical observations",2026-10-02,H1: existing individual iOS accounts in Japan; Japanese L1; English course around B1.1; actual speaking level separately screened,design_or_sensitivity,authored example; logical bounds checked; no empirically defensible domain established,"Not actual prices, ARPU, costs, measured adoption, retention or commercial effects; do not use D scans for real-world robust ranking"
/sensitivity/P2_loss_rates/1,0.002,fraction of all originally assigned accounts in this tier,D_authored_not_estimated,,quant/scenario_inputs.json#/sensitivity/P2_loss_rates/1,"90-day design horizon, not historical observations",2026-10-02,H1: existing individual iOS accounts in Japan; Japanese L1; English course around B1.1; actual speaking level separately screened,design_or_sensitivity,authored example; logical bounds checked; no empirically defensible domain established,"Not actual prices, ARPU, costs, measured adoption, retention or commercial effects; do not use D scans for real-world robust ranking"
/sensitivity/P2_loss_rates/2,0.004,fraction of all originally assigned accounts in this tier,D_authored_not_estimated,,quant/scenario_inputs.json#/sensitivity/P2_loss_rates/2,"90-day design horizon, not historical observations",2026-10-02,H1: existing individual iOS accounts in Japan; Japanese L1; English course around B1.1; actual speaking level separately screened,design_or_sensitivity,authored example; logical bounds checked; no empirically defensible domain established,"Not actual prices, ARPU, costs, measured adoption, retention or commercial effects; do not use D scans for real-world robust ranking"
/sensitivity/P2_loss_rates/3,0.007,fraction of all originally assigned accounts in this tier,D_authored_not_estimated,,quant/scenario_inputs.json#/sensitivity/P2_loss_rates/3,"90-day design horizon, not historical observations",2026-10-02,H1: existing individual iOS accounts in Japan; Japanese L1; English course around B1.1; actual speaking level separately screened,design_or_sensitivity,authored example; logical bounds checked; no empirically defensible domain established,"Not actual prices, ARPU, costs, measured adoption, retention or commercial effects; do not use D scans for real-world robust ranking"
/sensitivity/P2_loss_rates/4,0.01,fraction of all originally assigned accounts in this tier,D_authored_not_estimated,,quant/scenario_inputs.json#/sensitivity/P2_loss_rates/4,"90-day design horizon, not historical observations",2026-10-02,H1: existing individual iOS accounts in Japan; Japanese L1; English course around B1.1; actual speaking level separately screened,design_or_sensitivity,authored example; logical bounds checked; no empirically defensible domain established,"Not actual prices, ARPU, costs, measured adoption, retention or commercial effects; do not use D scans for real-world robust ranking"
/sensitivity/P2_loss_rates/5,0.015,fraction of all originally assigned accounts in this tier,D_authored_not_estimated,,quant/scenario_inputs.json#/sensitivity/P2_loss_rates/5,"90-day design horizon, not historical observations",2026-10-02,H1: existing individual iOS accounts in Japan; Japanese L1; English course around B1.1; actual speaking level separately screened,design_or_sensitivity,authored example; logical bounds checked; no empirically defensible domain established,"Not actual prices, ARPU, costs, measured adoption, retention or commercial effects; do not use D scans for real-world robust ranking"
/sensitivity/unit_costs_usd_per_service_minute/0,0.0,USD per illustrative service minute,D_authored_not_estimated,,quant/scenario_inputs.json#/sensitivity/unit_costs_usd_per_service_minute/0,"90-day design horizon, not historical observations",2026-10-02,H1: existing individual iOS accounts in Japan; Japanese L1; English course around B1.1; actual speaking level separately screened,design_or_sensitivity,authored example; logical bounds checked; no empirically defensible domain established,"Not actual prices, ARPU, costs, measured adoption, retention or commercial effects; do not use D scans for real-world robust ranking"
/sensitivity/unit_costs_usd_per_service_minute/1,0.02,USD per illustrative service minute,D_authored_not_estimated,,quant/scenario_inputs.json#/sensitivity/unit_costs_usd_per_service_minute/1,"90-day design horizon, not historical observations",2026-10-02,H1: existing individual iOS accounts in Japan; Japanese L1; English course around B1.1; actual speaking level separately screened,design_or_sensitivity,authored example; logical bounds checked; no empirically defensible domain established,"Not actual prices, ARPU, costs, measured adoption, retention or commercial effects; do not use D scans for real-world robust ranking"
/sensitivity/unit_costs_usd_per_service_minute/2,0.04,USD per illustrative service minute,D_authored_not_estimated,,quant/scenario_inputs.json#/sensitivity/unit_costs_usd_per_service_minute/2,"90-day design horizon, not historical observations",2026-10-02,H1: existing individual iOS accounts in Japan; Japanese L1; English course around B1.1; actual speaking level separately screened,design_or_sensitivity,authored example; logical bounds checked; no empirically defensible domain established,"Not actual prices, ARPU, costs, measured adoption, retention or commercial effects; do not use D scans for real-world robust ranking"
/sensitivity/unit_costs_usd_per_service_minute/3,0.06,USD per illustrative service minute,D_authored_not_estimated,,quant/scenario_inputs.json#/sensitivity/unit_costs_usd_per_service_minute/3,"90-day design horizon, not historical observations",2026-10-02,H1: existing individual iOS accounts in Japan; Japanese L1; English course around B1.1; actual speaking level separately screened,design_or_sensitivity,authored example; logical bounds checked; no empirically defensible domain established,"Not actual prices, ARPU, costs, measured adoption, retention or commercial effects; do not use D scans for real-world robust ranking"
/sensitivity/unit_costs_usd_per_service_minute/4,0.1,USD per illustrative service minute,D_authored_not_estimated,,quant/scenario_inputs.json#/sensitivity/unit_costs_usd_per_service_minute/4,"90-day design horizon, not historical observations",2026-10-02,H1: existing individual iOS accounts in Japan; Japanese L1; English course around B1.1; actual speaking level separately screened,design_or_sensitivity,authored example; logical bounds checked; no empirically defensible domain established,"Not actual prices, ARPU, costs, measured adoption, retention or commercial effects; do not use D scans for real-world robust ranking"
