"claim_id","claim_type","evidence_tier","claim_text","support_status","evidence_refs","source_urls","evidence_period","unit","estimand","allowed_use","forbidden_extrapolation","decision_impact","linked_gap_ids","reviewed_on"
"S4C01","observation_fact","A_official_statement","公司在披露时称多数新增Super可使用Video Call","supported_disclosure_scope","S001|quant/policy_evidence.md:PE01","https://www.sec.gov/Archives/edgar/data/1562088/000162828026053299/q2fy26duolingo6-30x26share.htm","发布2026-08-05；推出陈述绑定披露时点而非财季内曝光","qualitative_rollout","公司总体新增Super订阅者在披露时点的供给状态","说明Super扩展已发生且P0不能预设Max独占","不等于全部新增Super；不证明当前日本日语母语英语iOS个人账户资格；不提供采用率或净收益","优先核查目标账户现行权益而非重复计算已开放覆盖","S4G01|S4G07","2026-10-02"
"S4C02","observation_fact","A_forward_looking_plan","公司在披露时计划当年稍后向现有Super扩展Video Call","supported_as_plan","S001|quant/policy_evidence.md:PE02","https://www.sec.gov/Archives/edgar/data/1562088/000162828026053299/q2fy26duolingo6-30x26share.htm","发布2026-08-05；计划期为2026年稍后","qualitative_plan","披露时对现有Super的未来供给安排","将已开放与待开放状态分开核验","计划不证明当前已经完成；也不证明当前现有Super全无资格；不能由新Super推出现有Super额度","P1为待确认分支而非预选试验；真实增量存在才进一步设计","S4G01|S4G02","2026-10-02"
"S4C03","observation_fact","A_provider_supply","Lily历史官方产品说明列Max及目标英语课程和路径/Practice Hub入口与不限调用次数的供给描述","supported_historical_supply","S019|quant/policy_evidence.md:PE03","https://blog.duolingo.com/video-call/","发布2024-09-24；元数据修改2025-01-15；非独立历史版本归档","qualitative_entitlement","历史提供方说明所列Lily供给与入口","说明角色及入口并防止把历史Max文当当前全量政策","不覆盖较新Super披露；不证明当前日本账户可达性；历史次数与时长不是当前合同额度或工程成本","当前P0仍须限定地区课程设备套餐日期与账户资格","S4G01|S4G09","2026-10-02"
"S4C04","observation_fact","A_provider_supply","Falstaff历史公告列iOS Max及包含英语的目标语并附后续全水平扩展计划","supported_historical_supply","S020|quant/policy_evidence.md:PE04","https://blog.duolingo.com/beginner-video-call-with-falstaff/","发布2026-01-14；元数据修改2026-02-02；覆盖期未另列","qualitative_entitlement","Falstaff公告范围内的引导式功能供给","Lily与Falstaff分别核资格及教学机制","不能从一般Video Call的Super推进推断Falstaff已在Super；不证明当前所有账号可用或优于Lily","本轮H1政策不混入Falstaff权益或H2机制效果","S4G01","2026-10-02"
"S4C05","observation_fact","A_company_attribution","公司称更长免费试用有良好早期结果但未指明Video Call专属试用","supported_company_statement","S001|quant/policy_evidence.md:PE05","https://www.sec.gov/Archives/edgar/data/1562088/000162828026053299/q2fy26duolingo6-30x26share.htm","发布2026-08-05；早期结果窗口未披露","qualitative_trial_statement","未指明功能的一般付费试用举措","区分公司一般试用陈述与作者拟议Lily有限免费额度","不能给P2填转化uplift或证明免费Lily试用净值；不能据此Scale","P2保留为候选政策且成本与替代须独立验证","S4G01|S4G04|S4G05","2026-10-02"
"S4C06","restricted_research_signal","A_company_research","DRR-25-06随机设计中所选完成者显示特定日语母语英语学习者的短期口语对照信号","supported_with_selection_and_dose_limits","S011|S015|analysis/stage3_causal_chain_review.md|data/public/stage3_learning_study_inputs.csv|quant/stage4_public_evidence_v2.md|data/public/stage4_public_observations.csv:R02-R12","https://duolingo-papers.s3.amazonaws.com/reports/Duolingo_whitepaper_language_video_call_improves_speaking_2025.pdf|https://prtimes.jp/main/html/rd/p/000000066.000069537.html","报告发布2025-06-24；同研究新闻稿2025-07-08；30天规定干预；本轮2026-10-02直接PDF未恢复","standardized_speaking_score","从未订阅Max的成年日语母语B1.1课程学习者在规定剂量及后测纳入条件下的短期结果；居住地设备与原套餐是否Super未核","保留受限学习信号并设计全员追踪与未练情境测量","不是全员ITT或已识别合规者因果效应；不证明自然采用长期迁移留存或收入；S015不是独立重复研究；日语L1不等于日本居住者；历史未用Max不证明当前原Super可新增权益","H1任务研究有依据但不自动证明P1目标资格或政策优先","S4G03|S4G08|S4G10","2026-10-02"
"S4C07","direction_inference","inference_from_A_and_C","H1可作为优先研究任务但权益政策分支须另行核验","supported_as_research_direction","S4C06|market/stage2_decision_memo.md|market/competitor_scenario_review.md|analysis/stage3_causal_chain_review.md","","沿用Stage2与Stage3限定人群及版本；本次未新增VOC","research_priority","日本市场日语母语中级英语任务的机制验证顺序；日本市场限定属于分析设计而非研究样本居住地事实","先检验自然有效自主表达与延后未练情境；保留零使用者","不等于优先实施P1；不证明原Super相对原Free商业优胜；日语L1不能证明日本居住地或原Super身份；评论不是采用率或总体需求比例","先确认可用研究对象及真实权益增量再选择一个正式验证问题","S4G01|S4G02|S4G03","2026-10-02"
"S4C08","external_unknown","not_observed","有限公开核查后仍未确认当前H1目标中存在可核P0无Lily且可定义新增权益的原Super子集","bounded_public_review_complete_account_gap_remains","S4C01|S4C02|quant/policy_evidence.md|analysis/stage3_gap_register.csv:G01|quant/stage4_public_evidence_v2.md|data/public/stage4_public_observations.csv:E04-E07","","资料截止及本轮公开核查2026-10-02；公司级披露不能替代逐账户快照","eligibility_and_increment","当前日本日语母语中级英语iOS个人原Super账户的基线资格与政策增量","停止本轮公开搜集；未来知情账户观察或授权资格快照可检验资格存在","缺少观察不等于不存在；目的样本不能估覆盖规模；外部发现资格不等于有权发放新权益","P1保持待核分支；没有真实增量或实施权限就停止该定义","S4G01|S4G02|S4G07","2026-10-02"
"S4C09","design_assumption","D_historical_design_excluded","v1窗口额度及实施规则为未获实证支持的作者设定，已退出v2正式论证","historical_audit_only_excluded_from_v2","quant/policy_evidence.md|quant/history/stage4_v1_assumptions.md|quant/evidence_assumptions.md","","历史版本stage4-v1.0；v2不沿用其观察窗或额度","historical_design_audit","历史作者设定的证据状态及撤出当前论证的处理；不定义当前可实施政策","仅供历史审计并说明未校准设定的撤出；当前政策设计依据v2资格与可实施增量","不进入v2正式输入或生成链；不是当前权益合同或已批准试验；不据旧额度推学习效果预算或ROI","当前观察窗及额度待真实资格实施路线与测量条件确认；P1/P2不预排序","S4G01|S4G02|S4G05","2026-10-02"
"S4C10","author_numeric_demonstration","D_historical_numeric_excluded","v1经济参数与扫描范围均为未获实证校准的作者设定，已退出v2正式论证","historical_audit_only_excluded_from_v2","quant/history/stage4_v1_assumptions.md|quant/evidence_assumptions.md|quant/stage4_final_delivery.md","","历史版本stage4-v1.0；实际复现不构成实证校准","historical_numeric_audit","历史无依据作者数值的证据状态与撤出处理；不估计现实经济阈值","仅供历史审计；当前方法依据v2直接双臂契约与未知量而非旧数值","不进入v2正式证据包输入或生成链；复现或Decimal通过不证明校准；不能据旧正负值选P1/P2或定义现实合理域预算成功门槛","经济参数保持未知；旧演示不作为当前方法证据经营结论或正式附录","S4G04|S4G05|S4G06|S4G07","2026-10-02"
"S4C11","internal_unknown","not_identified","权益政策的全员净计费贡献与留存商业增量尚未识别","unresolved_authorized_data_required_for_entitlement_effect","analysis/stage3_gap_register.csv:G02|analysis/stage3_gap_register.csv:G04|analysis/stage3_gap_register.csv:G05|quant/evidence_assumptions.md","","未来统一分配时点与预设观察窗；当前无功能级随机结果","assigned_account_net_contribution","按原分组含零使用者并扣退款费用的两臂完整期间贡献差","定义所需账单路径与现金/确认口径；提供符号阈值","不能用公司同比标价期末订阅存量或完成者成绩填功能效果；不能重复计算升级续订；共享箱均值失效时不能仅换概率","阻塞实际净收益符号和经营uplift；不阻塞实验设计","S4G02|S4G04","2026-10-02"
"S4C12","internal_unknown","not_identified","当前Lily实际增量AI服务成本与每有效练习成本尚未知","unresolved_contract_and_workload_required","analysis/stage3_gap_register.csv:G06|quant/evidence_assumptions.md","","未来两臂共同期间及账单版本；公司毛利只作背景","incremental_cost_per_assigned_account_and_effective_minute","语音token重试回退等工作量与合同账单对应的两臂成本差","成本项分解与有限明确工程代理可用于准备预算约束","工程分钟不是说话分钟或公司实付；列表价不能冒充合同成本；赠送上限不覆盖所有后续调用或固定费用","阻塞真实成本门槛与Scale；失败必须计费且有效练习另测","S4G05","2026-10-02"
"S4C13","internal_unknown","not_identified","原Max传播降级与原低层潜在Max购买分流的净影响尚未识别","unresolved_interference_and_billing_required","analysis/stage3_gap_register.csv:G05|quant/evidence_assumptions.md|quant/stage4_final_delivery.md","","未来信息曝光与报价/权益生效后共同观察窗","tier_specific_policy_spillover","原Max实际降级与原Free/Super未购买Max的分层贡献及成本差","分开记录来源层及信息曝光并预设干扰设计","Super单层个体RCT不识别原Max传播；不能把未测影响设为事实零；降级不保证服务成本下降","阻塞完整政策净值和总体排名；直接层机制试验仍可有条件准备","S4G06|S4G04|S4G05","2026-10-02"
"S4C14","internal_unknown","not_identified","同一目标总体的各层合格规模权重与新增固定费用未取得","unresolved_scope_matched_counts_required","analysis/stage3_gap_register.csv:G07|quant/evidence_assumptions.md","","当前资格定义及未来部署期；无已核N权重或新增F","population_counts_weights_and_incremental_fixed_cost","同一H1目标总体分配前各套餐层的可部署人数及真实新增费用","保留N与F符号并分层报告明确归一化结果","全球MAU不能当合格账户；不同人群每千人不能总体混排；归一化1000不是部署分母；不得将沉没费算新增费","阻塞总体机会金额与固定费回收判断；不阻塞每账户条件关系","S4G07","2026-10-02"
"S4C15","observation_fact","A_public_unpaired_price_listing","日本App Store官方可读列表有Super金额但周期个人/家庭及SKU未明且Max未在该列表显示；无法配对套餐价差","bounded_public_review_complete_noncomparable","S021|quant/stage4_public_evidence_v2.md|data/public/stage4_public_observations.csv:P01-P09|analysis/stage3_gap_register.csv:G05","https://apps.apple.com/jp/app/id570060128","2026-10-02访问观察；价格发布/生效日未知；不当历史报价版本","JPY_per_unresolved_purchase_item","日本iOS公开页面可见应用内购买清单位置；不是已识别个人月/年Super-Max配对SKU","建立明确不可比理由并保留价格原始观察及当前配对价格缺口","未显示Max不证明日本不销售；重复清单位置不等于不同SKU；不能配Max价差转成月价或90天贡献；标价不是ARPU或实付净额","停止本轮公开标价核查；经济参数保持空值；未来需同账户方案期限与SKU可定位的实际报价","S4G09|S4G04","2026-10-02"
"S4C16","external_unknown","direct_fulltext_not_recovered","本轮直接DRR PDF返回403且完整方法未恢复；新闻稿及索引复核维持原研究边界","bounded_public_review_complete_fulltext_gap_remains","S011|S015|analysis/stage3_causal_chain_review.md|analysis/stage3_gap_register.csv:G03|quant/stage4_public_evidence_v2.md|data/public/stage4_public_observations.csv:R01-R12","https://duolingo-papers.s3.amazonaws.com/reports/Duolingo_whitepaper_language_video_call_improves_speaking_2025.pdf|https://prtimes.jp/main/html/rd/p/000000066.000069537.html","直接访问及有限索引复核2026-10-02；报告日期沿用既有登记；不声称恢复完整PDF","study_methods_and_analysis_population","同一研究的随机单位使用要求纳入原因分析分母与endpoint；全文及未公开全员结果仍缺","保留已核公司新闻稿方法与索引完成者结果；停止本轮追索并优化全员随访设计","找到全文不自动恢复未报告全员结果；新闻稿不是独立试验；不能从统计系数推留存收入或P1资格","方法线索加强而全员学习与学习到经营仍未闭合","S4G10|S4G03|S4G04","2026-10-02"
