"gap_id","missing_quantity","claim_ids","stage3_gap_refs","evidence_refs","status","minimum_data","external_path","internal_path","requires_company_authorization","blocked_decisions","allowed_continuation","next_action","stop_rule","reviewed_on"
"S4G01","当前目标账户P0权益角色额度生效时间与真实增量资格","S4C01|S4C02|S4C03|S4C04|S4C08|S4C09","G01","quant/policy_evidence.md|S001|S019|S020|quant/stage4_public_evidence_v2.md|data/public/stage4_public_observations.csv:E01-E07","bounded_public_review_complete_account_gap_remains","同一日本日语母语英语课程iOS个人账户的分配前套餐Lily资格剩余额度版本与生效时间；能明确区分既有权益及候选新增权益","本轮有限官方核查已完成而四层目标账户值仍未知；未来自愿知情账户观察只能确认观察账户资格与存在性不能估总体覆盖","授权资格快照与批次/曝光字段可确认目标子集与代表性分母","public_scope_no;participant_observation_needs_consent;internal_population_requires_authorization","可执行权益处理与精确采用分母；尚不能预选P1实施","保留H1研究任务及P0/P1/P2条件性对象；资格未知保持未知","停止本轮公开搜集；以后先核真实P0再选择可识别的政策分支","本轮同口径公开核验已到停止点；未观察到不等于不存在；无真实增量则停止当前P1定义而非否定H1","2026-10-02"
"S4G02","变更权益及随机分配处理的合法实施权限与操作可行性","S4C08|S4C09|S4C11","G01|G04","docs/DECISION_BRIEF.md|docs/MASTER_PLAN.md|quant/policy_evidence.md","unresolved_no_company_trial_authorization","明确产品/合作方授权范围处理与对照可配置性随机化单位曝光记录恢复机制及责任人","外部项目可提出预注册设计或对已有访问者做知情任务观察；鼓励使用的试验估计邀请效果而非新增权益效果","公司或获授权产品合作方实际设置权益并保存分配/暴露记录","yes_for_entitlement_change_and_platform_assignment","实际发放P1/P2权益及权益扩张因果试验的执行","完善公司情境下的条件性实验预案或独立自然任务观察设计","把设计与执行分开；确认授权及可配置增量后再选择正式政策试验","无实施权限时停在设计交付；不得把外部观察或邀请鼓励试验称权益扩张RCT","2026-10-02"
"S4G03","自然有效练习全员学习与延后未练情境迁移","S4C06|S4C07|S4C16","G03","S011|S015|analysis/stage3_causal_chain_review.md","unresolved_natural_use_and_transfer","共同前测原组标记自然曝光/尝试/失败自主表达盲审全部成员延后未练任务后测及零使用/未纳入原因","独立知情参与者任务或学习研究可行；只能对其招募人群与实际处理推断；已有访问不等于新增权益","授权账户事件有助于全员过程与自然采用；产品权益效果仍需S4G02的处理权限","not_necessarily_for_independent_learning_study;yes_for_platform_events_or_entitlement_change","自然推出的全员学习效果跨人群迁移及学习商业桥接","保留特定完成者短期信号及H1任务优先；设计有效表达和学习护栏","以一项同任务可实施机制问题设计全员追踪；不追加自选VOC填采用率","学习测量与处理不匹配则只作任务观察；无全员随访保留完成者限制；不以词数信心或规定剂量成绩填商业uplift","2026-10-02"
"S4G04","两臂同窗完整计费贡献留存及套餐净替代","S4C05|S4C10|S4C11|S4C13|S4C15|S4C16","G02|G04|G05","analysis/stage3_gap_register.csv|quant/evidence_assumptions.md","unresolved_authorized_billing_and_assignment","按原分配含零使用者的购买生效续订退款税费及非AI可变费用；明确现金/确认/贡献口径并处理年付未成熟；需要留存时另有队列日期","公开标价可检查报价合理性；知情个体收据可说明路径但不能代表政策总体；公司总量无同口径替代","授权两臂完整账单与观察期事件；可用合规已发布的同口径随机结果但目前未取得","yes_for_platform_assignment_and_company_billing_cohort","真实净收益符号转化/续费或留存uplift与权益经营排序","使用符号贡献差和数据契约；完整路径避免升级续订重复计数","先确定估计对象及同窗贡献口径后申请/设计最小账单路径输入","缺真实两臂同窗全员贡献与成本不判实测ROI；双臂价格时点退款及工作量须分别测量；不以共享箱均值或仅替换路径概率代替完整两臂差；分配识别及缺测另审","2026-10-02"
"S4G05","实际增量服务成本与有效练习分母及额度可强制执行性","S4C05|S4C09|S4C10|S4C12|S4C13","G06","quant/evidence_assumptions.md|analysis/stage3_gap_register.csv:G06","unresolved_contract_and_workload","两臂语音输入输出token缓存重试回退工作量合同价账单期间与互斥赠送/非赠送标签；失败成本和有效表达另记；额度强制执行依据","供应商公开报价仅能形成明确架构/工作量的工程代理；没有映射则保留多成本项符号不等式","授权服务遥测及实际合同账单和容量约束；与参与/计费原组保持共同窗口","yes_for_actual_company_contract_bills_and_telemetry","公司真实单位成本实际预算成本上限与Scale经济性","成本项分解；给定真实单价且额度可执行时仅讨论赠送部分条件预算上界","优先明确定义服务工作量与有效练习；只有代理能改变预算可行判断时有限补一次报价映射","列表价/工程分钟不当公司实付；未映射或额度不能强制则不出批准预算；赠送上界不等于总增量上界；失败重试不重复计数","2026-10-02"
"S4G06","原Max信息传播实际降级及各低层潜在Max购买分流","S4C10|S4C13","G05","quant/evidence_assumptions.md|quant/stage4_final_delivery.md","unresolved_policy_interference","原套餐层信息/报价曝光对照实际完整计费路径及两臂服务成本；群组或分期设计及干扰范围依据","公开权益和定价只支持替代风险的合理性；个别降级叙述不能估总体替代率","授权跨层政策曝光和账单并采用能识别传播影响的设计","yes_for_company_cross_tier_policy_exposure_and_outcomes","完整政策净值和总体策略赢家","直接目标层机制研究可有条件准备；原Max传播单列未知","预注册原Max传播估计对象；将原Free潜在购买分流与原Max降级分开","Super单层个体试验不识别原Max影响；未测不写事实零；实际降级不保证成本节省；无传播数据不得宣称完整商业净值","2026-10-02"
"S4G07","同一目标总体的合格部署N原层权重与新增固定费用","S4C01|S4C08|S4C10|S4C14","G07","quant/evidence_assumptions.md|analysis/stage3_gap_register.csv:G07","unresolved_population_and_cost_scope","同一资格时点按课程母语地区设备版本个人套餐计数的唯一账户及各层权重；实际新增工程/运营固定费用与部署期","若公司发布匹配粒度与日期的分层数据可核读；当前全球指标与目的样本无法替代","授权合格账户去重汇总及增量预算；不需要公开个人明细","usually_for_internal_counts_and_budget;matching_public_disclosure_could_substitute","总体机会金额固定费用回收与总体排名","N/F保留符号；每原层同分母结果分别报告","仅在需要总体部署决策时补匹配N权重与新增F","无权重不拼不同人群每千人排名；归一化单位不是部署N；不拿历史研究人数全球MAU或沉没费代填","2026-10-02"
"S4G08","匹配primary与目标人群的baseline方差失访和可接受MDE","S4C06|S4C07|S4C09","G08","analysis/stage3_gap_register.csv:G08|quant/stage4_final_delivery.md","unresolved_until_estimand_and_feasibility_fixed","已定处理/对照及primary下的代表性试点事件分布任务评分方差随访与缺测；业务上可接受的最小效果依据","小规模知情可行性/学习任务试点可帮助规划但须说明招募与不确定性；不能沿用自选VOC比例","授权匹配事件与人群历史基线可支持正式样本规划；权益处理需S4G02","not_necessarily_for_independent_pilot;yes_for_internal_baseline_or_entitlement_trial","精确power样本量与正式权益试验就绪","先定义一个可证伪问题primary与护栏；规划多个不确定性条件而非承诺精确N","先核资格与实施路线；Stage5再锁定估计对象并获取匹配baseline","处理或人群改变需重估；无匹配baseline/方差/MDE不承诺精确N；不把D路径概率当baseline","2026-10-02"
"S4G09","同地区同渠道个人套餐可配对标价期限权益与促销到期规则","S4C03|S4C08|S4C15","G01|G05","S021|quant/policy_evidence.md|quant/stage4_public_evidence_v2.md|data/public/stage4_public_observations.csv:P01-P09","bounded_public_review_complete_noncomparable","日本个人iOS渠道Super/Max原币种标价月/年期SKU账户类型税费说明试用/续价及与Lily权益关联；需可定位生效版本","日本官方App Store公开列表已读；Super重复标题未识别周期/个人家庭/SKU且Max未在可读列表显示；未来自愿账户可记录实际同口径报价但不作总体代表","真实成交/折扣退款费用与贡献仍需授权账单而非标价","no_for_public_offer;consent_for_account_quote;yes_for_company_realized_billing","同口径套餐价差与报价可行性尚缺；不能据未配对清单判断净贡献","保留公开金额的未配对观察与未知值；主经济参数继续符号化","本轮标价核查完成并停止；未来若取得可定位同账户类型期限SKU报价再复核","不为配对强行挑金额；未显示Max不证明不销售；不拼地区渠道家庭促销；不年价折窗口贡献；配对标价仍不能恢复退款留存或替代率","2026-10-02"
"S4G10","原研究完整方法直接复核及全员未纳入结果可得性","S4C06|S4C07|S4C16","G03|G09","S011|S015|analysis/stage3_causal_chain_review.md|quant/stage4_public_evidence_v2.md|data/public/stage4_public_observations.csv:R01-R12","bounded_public_review_complete_fulltext_gap_remains","同一报告随机化规定剂量纳入排除原因前后测统计模型分母以及有无全员结果；来源版本与访问方式","本轮直接官方PDF403及有限索引/同研究新闻稿核读已完成；没有恢复全PDF；既有可核方法与完成者结果保留限制","若未公开全员后测及排除原因则需研究方授权数据；独立新学习研究是不同估计对象","no_for_public_fulltext;yes_for_unpublished_participant_outcomes","无条件全员学习效应与更强自然外推；原文仍不能证明商业uplift","保留随机设计完成者短期信号与H1研究合理性；优化全员随访设计","停止本轮原文追索；只使用可核的方法及结果层次并保留访问失败证据","有限核查已到停止点；完整PDF未恢复不得称全文复核通过；获得全文不自动恢复未报告全员ITT；不扩无关论文或拿学习分数换经营参数","2026-10-02"
