metric_id,priority,availability_class,evidence_tier,observed_coverage,source_ids,decision_use,critical_gap,fallback,allowed_claim,blocked_claim
M001,core,official_numeric,A,2024Q3-2026Q2: 8 verified standardized quarterly values (Stage 3),S002|S004|S005|S006|S007|S008|S009|S010,Company engagement baseline,None for company trend,Use validated quarter-average series; no feature attribution,Describe company level DAU trend,Attribute DAU change to Video Call
M002,core,official_numeric,A,2024Q3-2026Q2: 8 verified standardized quarterly values (Stage 3),S002|S004|S005|S006|S007|S008|S009|S016,Company reach baseline,None for company trend,Use validated quarter-average series; no feature attribution,Describe company level MAU trend,Claim Video Call reach or feature usage
M003,core,official_numeric,A,Reported 2026-08-05 as about 84 percent; aggregation window not stated,S001,Retention context,No verified comparable eight-quarter series,Show as dated management disclosure only,Describe disclosed CURR snapshot,Plot invented quarterly CURR trend or call it D30
M004,core,official_numeric,A,2024Q3-2026Q2: 8 verified standardized quarterly values (Stage 3),S002|S004|S005|S006|S007|S008|S009|S010,Subscriber scale baseline,None for company trend,Use period-end series with explicit stock label,Describe paid-account stock,Use as same-period user-level conversion
M005,core,official_numeric,A,2024Q3-2026Q2: 8 verified standardized quarterly values (Stage 3),S002|S004|S005|S006|S007|S009|S010|S017,Subscription demand baseline,None for company trend,Use quarterly flow series,Describe subscription purchase trend,Call bookings recognized revenue
M006,supporting,official_numeric,A,2024Q3-2026Q2: 8 verified standardized quarterly values (Stage 3),S002|S004|S005|S006|S007|S009|S010|S017,Broad company context,None for company trend,Use as secondary context only,Describe total bookings trend,Infer Video Call monetization from company total
M007,supporting,official_numeric,A,2024Q3-2026Q2: 8 verified standardized quarterly values (Stage 3),S002|S004|S005|S006|S007|S008|S009|S010,GAAP context,None for company trend,Use as secondary context only,Describe reported revenue trend,Treat revenue as bookings or feature revenue
M008,core,official_derived,A,8 quarter-average DAU/MAU ratios derived and identity-checked in Stage 3,S002|S004|S005|S006|S007|S008|S009|S010|S016,Directional engagement ratio,Quarter-average numerator and denominator are not user-level cohorts,Calculate with source values and label as proxy,Describe ratio of reported quarterly averages,Call it official stickiness or cohort retention
M009,core,official_numeric,A,8 quarters verified: 7 direct reported values; 2025Q4 annual minus nine-month flow with both inputs retained,S002|S004|S005|S006|S007|S010|S017|S018,Subscription accounting context,2025Q4 value is derived; source rounding of both legs propagated; no tier or feature split,Use sourced quarterly flow with derivation label; never fill from bookings,Describe sourced subscription revenue,Fill missing quarters from bookings
M010,core,official_qualitative,A,Management statements published 2026-05-04 and 2026-08-05; Stage4 current-account eligibility not verified,S010|S001|S019|S020|S021,Rollout stage,Current target account qualification/quota/effective date unresolved after bounded v2 official check; App Store prices noncomparable,Use dated rollout plus quant/stage4_public_evidence_v2.md and actual-increment gate,Describe disclosed direction of Super expansion; preserve Lily/Falstaff boundary,Convert most new Super users into an exact percentage or confirm current all-account rights
M011,core,internal_required,,No public user event series,,Adoption test,Requires account entitlement and completion events,Define event specification for later experiment,State how adoption would be measured,Claim observed Video Call adoption rate
M012,core,internal_required,,No public user event series,,Speaking practice mechanism,Requires validated word counts and assigned eligible denominator,Use official relative statement only as qualitative context; define internal measure,Specify a measurable practice KPI,Claim absolute or causal practice uplift
M013,core,internal_required,,No public randomized cohort data,,Growth treatment effect,Requires random assignment and day-30 activity event,Pre-register outcome and stop at test design,Specify how retention effect would be estimated,Estimate real treatment effect from public DAU or CURR
M014,core,internal_required,,No observed arm billing/cost effects; Stage4 v2 economic fields remain null,,Commercial treatment effect and break-even,Requires all-assigned whole billing paths/refunds/fees and both-arm workload/invoice plus Max spillover,"Use quant/evidence_model.py direct arm contract, symbolic thresholds and explicit missing-data ledger; no D economic inputs",State conditional accounting requirements and data readiness; real economic value not identified,Actual profit ROI threshold ranking or Scale from quoted prices company totals or synthetic scenarios
