source_id,tier,title,publisher,url,published_on,period_covered,accessed_on,geography_user_scope,source_locator,planned_use,limitation,redistribution,verification_status
S001,A,Q2 2026 shareholder letter,Duolingo via SEC,https://www.sec.gov/Archives/edgar/data/1562088/000162828026053299/q2fy26duolingo6-30x26share.htm,2026-08-05,2026-04-01/2026-06-30 financials; 2026-08-05 management statements,2026-09-28,Global Duolingo users and company,Highlights and product discussion and metric summary,Current strategy plus CURR and Video Call disclosure,Product impact statements are management attribution; CURR aggregation unspecified,Link to original; do not redistribute full filing,verified_primary
S002,A,Q2 2026 Form 10-Q,Duolingo via SEC,https://www.sec.gov/Archives/edgar/data/1562088/000162828026053603/duol-20260630.htm,2026-08-06,2026-01-01/2026-06-30,2026-09-28,Global Duolingo users and company,MD&A Key Operating Metrics and financial statements,Metric definitions and financial reporting,Company level metrics cannot identify Video Call treatment effect,Link to original; do not redistribute full filing,verified_primary
S003,A,Quarterly financial results index,Duolingo Investor Relations,https://investors.duolingo.com/financials,,Rolling index,2026-09-28,Company filings,Quarterly results list,Discover historical filings,Discovery index only; cite each original report for values,Link only,verified_discovery
S004,A,Q3 2024 shareholder letter,Duolingo via SEC,https://www.sec.gov/Archives/edgar/data/1562088/000156208824000248/q3fy24duolingo09-30x24shar.htm,2024-11-06,2024-07-01/2024-09-30,2026-09-28,Global Duolingo users and company,Summary of Financial and Key Operating Metrics and Video Call discussion,Historical quarter and product launch context,Company level metrics and management product statements,Link to original; do not redistribute full filing,verified_primary
S005,A,Q4 2024 shareholder letter,Duolingo via SEC,https://www.sec.gov/Archives/edgar/data/1562088/000156208825000039/q4fy24duolingo12-31x24shar.htm,2025-02-27,2024-10-01/2024-12-31,2026-09-28,Global Duolingo users and company,Summary of Financial and Key Operating Metrics,Historical quarter,Check definitions and any restatement before comparison,Link to original; do not redistribute full filing,verified_primary
S006,A,Q1 2025 shareholder letter,Duolingo via SEC,https://www.sec.gov/Archives/edgar/data/1562088/000156208825000098/q1fy25duolingo3-31x25share.htm,2025-05-01,2025-01-01/2025-03-31,2026-09-28,Global Duolingo users and company,Summary of Financial and Key Operating Metrics,Historical quarter,Check definitions and any restatement before comparison,Link to original; do not redistribute full filing,verified_primary
S007,A,Q2 2025 shareholder letter,Duolingo via SEC,https://www.sec.gov/Archives/edgar/data/1562088/000156208825000165/q2fy25duolingo6-30x25share.htm,2025-08-06,2025-04-01/2025-06-30,2026-09-28,Global Duolingo users and company,Summary of Financial and Key Operating Metrics,Historical quarter,Check definitions and any restatement before comparison,Link to original; do not redistribute full filing,verified_primary
S008,A,Q3 2025 shareholder letter,Duolingo via SEC,https://www.sec.gov/Archives/edgar/data/1562088/000162828025049514/q3fy25duolingo9-30x25share.htm,2025-11-05,2025-07-01/2025-09-30,2026-09-28,Global Duolingo users and company,Summary of Financial and Key Operating Metrics,Historical quarter,Check definitions and any restatement before comparison,Link to original; do not redistribute full filing,verified_primary
S009,A,Q4 2025 shareholder letter,Duolingo via SEC,https://www.sec.gov/Archives/edgar/data/1562088/000162828026012246/q4fy25duolingo12-31x25shar.htm,2026-02-26,2025-10-01/2025-12-31,2026-09-28,Global Duolingo users and company,Summary of Financial and Key Operating Metrics,Historical quarter,Check definitions and any restatement before comparison,Link to original; do not redistribute full filing,verified_primary
S010,A,Q1 2026 shareholder letter,Duolingo via SEC,https://www.sec.gov/Archives/edgar/data/1562088/000162828026029790/q1fy26duolingo3-31x26share.htm,2026-05-04,2026-01-01/2026-03-31 financials; 2026-05-04 management statements,2026-09-28,Global Duolingo users and company,Summary of Financial and Key Operating Metrics and Video Call discussion,Historical quarter and Super expansion context,Speaking statements are not an absolute user level series,Link to original; do not redistribute full filing,verified_primary
