spec_version,record_name,grain,collection_point,required_fields,unit,denominator_and_join,missing_zero_rule,purpose,access_and_privacy,readiness
stage5-v1.0,recruitment_frame,One account before assignment,Eligibility screening and research invitation,"trial_id;account_pseudo_id;screened_at_utc;eligibility_rule_version;market_residence;native_language;target_language;course_version;device_os;app_version;personal_or_family;pre_assignment_tier;existing_lily_access;invited;consent_status;nonparticipation_reason",Categorical and UTC timestamp,"Record screened eligible invited consented and randomized counts separately; consented trial cohort does not represent all eligible accounts automatically",Unknown eligibility stays null and is not coded eligible,Establish recruitment denominator and external validity,Authorized minimized pseudonymous fields; consent precedes assessment and randomization,required_not_collected
stage5-v1.0,eligibility_snapshot,One account and dated rights version,Immediately before assignment,"trial_id;account_pseudo_id;snapshot_at_utc;country_scope;native_language;course_id;course_level;independent_speaking_level;device_os;app_version;pre_assignment_tier;sku_id;billing_cycle;next_renewal_at_utc;role_id;lily_access_state;remaining_quota;quota_unit;rights_version;effective_at_utc;evidence_ref",Actual rights and billing units,"Join to immutable assignment registry; verify original Super without Lily access for C1; quota fields document actual rights and do not create a dose",Unknown rights quota or level stays null; do not infer no access from missing record,Verify P0 and genuine access increment,Company authorization or informed participant observation; limited account observation does not establish population coverage,required_not_collected
stage5-v1.0,assignment_registry,Exactly one row per randomized account,Before treatment configuration,"trial_id;account_pseudo_id;assigned_arm;assigned_at_utc;randomization_unit;stratum_id;baseline_assessment_id;pre_assignment_tier;policy_version;allocation_version;consent_ref;H_pre_version;H_L_version;H_B_version",Arm and UTC timestamp,"Authoritative full randomized denominator including zero users; assigned_arm and pre_assignment_tier immutable; unique trial_id plus account_pseudo_id",No assignment record means not randomized; do not reconstruct assignment from use or later tier,Preserve ITT and source of every downstream group join,Authorized immutable pseudonymous registry; assignment access hidden from raters,required_not_collected
stage5-v1.0,rights_configuration,One account and configuration attempt,Treatment enablement or control verification,"trial_id;account_pseudo_id;configuration_id;requested_at_utc;policy_version;rights_before;rights_requested;rights_after;actual_effective_at_utc;configuration_status;failure_reason;restore_record_ref",Categorical and UTC timestamp,"Join original assignment; reconcile requested versus delivered rights in both arms; retain failed treatment configuration in T",Missing verification is unknown delivery; configuration failure is observed failure and does not remove account,Verify treatment integrity and authorized recovery,Only authorized product operator can configure rights; preserve existing purchased rights,required_not_collected
stage5-v1.0,policy_exposure,One account and displayed exposure,Each entitlement message or Lily entry display,"trial_id;account_pseudo_id;exposure_id;occurred_at_utc;policy_version;surface_id;role_id;displayed_rights_version;offer_sku_id;message_version;server_delivery_state;client_render_state",Exposure count,"Account level funnel uses full randomized denominator; presentation version part of policy; join exposure to assignment",Only verified delivery completeness permits zero exposure; missing client logs stay unknown,Separate entitlement allocation delivery visibility and attempt,Minimized telemetry; no raw message content required in public output,required_not_collected
stage5-v1.0,baseline_learning,One account and pre-assignment period,Within frozen H_pre,"trial_id;account_pseudo_id;period_start_utc;period_end_utc;baseline_assessment_id;baseline_task_form;rubric_version;baseline_score;score_unit;course_stage;course_completed_count;course_effective_seconds;total_effective_learning_seconds;observation_complete",Calibrated score count and seconds,"Join all randomized accounts; baseline covariates measured before assignment only; period definition matched across arms",Unknown score or incomplete telemetry stays null; verified complete inactivity may yield zero behavior counts,Plan variance and adjust pre-specified baseline while tracking displacement,Consent and authorized historical telemetry; publish aggregates only,required_not_collected
stage5-v1.0,call_attempt,One unique logical call attempt,User begins Lily attempt,"trial_id;account_pseudo_id;attempt_id;exposure_id;started_at_utc;ended_at_utc;role_id;policy_version;actual_access_source;plan_at_attempt;purchase_transaction_id;completion_state;failure_category;interruption_count;retry_parent_id;fallback_type;client_log_complete;server_log_complete",Attempts seconds and categorical status,"Join original group and original tier from registry; attempt denominator includes failed attempts; current plan is descriptive and never replaces original tier",Observed failure is failure; absent records count as zero only after verified complete event coverage,Measure natural adoption failures crossovers and purchase-after-allocation use,Authorized telemetry; audio and transcripts excluded from public event export,required_not_collected
stage5-v1.0,effective_expression_review,One attempt and reviewed task,After sampled or complete attempt under frozen review plan,"trial_id;account_pseudo_id;attempt_id;task_id;review_rule_version;review_sampling_probability;reviewer_blind_id;independent_expression_state;task_success_state;effective_speaking_seconds;spoken_words;prompt_dependence;transcription_error_state;feedback_error_state;review_status",Seconds words and validated categorical ratings,"Use known review sampling design for aggregate mechanism metrics; all-account denominator for behavior; attempted-call denominator for quality; do not condition primary on success",Unreviewed or invalid audio is unknown quality; observed zero expression differs from missing review,Distinguish autonomous useful expression from minutes word count or confidence,Separate secure consented audio store; blind reviewers; pseudonymous aggregate export,required_not_collected
stage5-v1.0,regular_course_activity,One account and course event,All frozen baseline and follow-up course windows,"trial_id;account_pseudo_id;course_event_id;occurred_at_utc;course_id;course_version;course_stage;lesson_completion_state;effective_learning_seconds;activity_type;measurement_rule_version;event_coverage_state",Completions and seconds,"Aggregate by original randomized account; original course time oral time and total learning time reported separately; no double counting overlapping time",Zero course activity only if coverage complete; interrupted or missing logs do not become zero,Detect regular course displacement and total learning tradeoff,Authorized minimized activity logs; no lesson answers in public package,required_not_collected
stage5-v1.0,assessment_schedule,One account and planned assessment,Before assignment and frozen follow-up invitation,"trial_id;account_pseudo_id;assessment_id;assessment_phase;planned_at_utc;allowed_window_version;parallel_form_id;rubric_version;blind_protocol_version;invitation_at_utc;incentive_rule_version;task_bank_version",UTC timestamp and version IDs,"Schedule baseline and delayed unpractised-task follow-up for every randomized account including zero users cancellations and switches; invitations and compensation same rule",No invitation or schedule is a follow-up failure not zero ability,Protect full follow-up and prevent task leakage,Consent before assignment; reviewers cannot access allocation or usage,required_not_collected
stage5-v1.0,blind_transfer_assessment,One account and assessment rating,Independent baseline or delayed transfer assessment,"trial_id;account_pseudo_id;assessment_id;actual_at_utc;parallel_form_id;task_bank_version;rubric_version;score_unit;dimension_scores;prespecified_total_score;reviewer_blind_id;second_rating_ref;adjudication_ref;validity_state;practice_overlap_audit_state;blind_break_state",Calibrated continuous total score pending validation,"Exactly one prespecified delayed primary score per account after fixed aggregation; join original registry only after blinded scoring is locked; parallel forms differ from practice and baseline wording",Absent refused technically invalid or contaminated assessment is flagged per frozen rule; never score missing as zero,Unique primary transfer measurement and baseline; raw scale validity is a launch Gate,Secure consented recording separated from assignment; no identifiable raw speech in public output,required_not_collected
stage5-v1.0,followup_status,One account and scheduled outcome,Every assessment due date and contact attempt,"trial_id;account_pseudo_id;assessment_id;contact_id;contact_at_utc;assessment_observed;missing_reason;refusal_or_withdrawal_state;no_use_state;plan_switch_state;rights_crossover_state;external_practice_selfreport;continuing_followup_consent",Categorical and UTC timestamp,"Original randomized cohort remains denominator; usage cessation tier switching and research withdrawal recorded separately; do not select completers",Missing assessment remains null; no use may be observed even when assessment is missing; consent withdrawal respected,Prevent post-treatment selection and support prespecified missingness sensitivity,Contact details stored separately; no coercive follow-up; external practice descriptive not primary adjustment,required_not_collected
stage5-v1.0,billing_transaction,One unique transaction or refund adjustment,All transactions within frozen H_B and maturity process,"trial_id;account_pseudo_id;transaction_id;related_transaction_id;occurred_at_utc;effective_at_utc;sku_id;plan_before;plan_after;billing_cycle;channel;currency;gross_charge;refund_amount;tax_amount;platform_fee;other_non_ai_variable_fee;renewal_opportunity_id;transaction_state;invoice_ref;maturity_state",Actual original currency per transaction,"Join original assignment and tier; connect upgrade renewal and refund paths by unique keys; one economic transaction counted once; currency and recognition basis fixed",No transaction is zero only with complete mature account ledger; missing receipt or unknown fees remain null,Full realized contribution and tier substitution within direct trial layer,Authorized financial data; pseudonymous records with no payment credentials,required_not_collected
stage5-v1.0,account_contribution_ledger,One original account and complete H_B,At mature financial lock,"trial_id;account_pseudo_id;period_version;currency;measurement_basis;gross_total;refund_total;non_ai_variable_fee_total;m_contribution;ledger_complete;renewal_opportunity_observed;source_invoice_refs;reconciliation_state",Currency per randomized account,"Every randomized account retained including verified no purchase; m excludes serving cost; cash or recognition rule frozen; annual nonrenewal opportunity not called retention failure",Incomplete contribution stays null; quote price cannot fill m; observed complete no contribution may be zero,Direct both-arm full-period m means without adoption multiplier,Authorized financial aggregate; public output only permitted deidentified summaries,required_not_collected
stage5-v1.0,serving_workload,One unique actual request including retries,Every Lily or relevant baseline serving request within cost window,"trial_id;account_pseudo_id;request_id;attempt_id;parent_request_id;occurred_at_utc;service_component;model_version;input_audio_seconds;output_audio_seconds;input_tokens;output_tokens;cached_tokens;retry_or_fallback_state;success_state;actual_access_source;offer_or_paid_tag;plan_at_request;purchase_transaction_id;metering_complete",Actual billable seconds tokens or request units,"Join original account arm and tier; control existing usage included; offer and nonoffer paid tags mutually exclusive; count actual retries once each not both parent aggregate and child",Failed requests may consume billable work; missing meters are unknown not free; verified unused account cost can be zero only with complete ledger,Capture both-arm baseline failures retries fallbacks and post-purchase calls,Authorized minimized service metering; no prompt audio transcript or credential export,required_not_collected
stage5-v1.0,serving_cost_ledger,One account and complete cost period,Invoice and telemetry reconciliation at H_B maturity,"trial_id;account_pseudo_id;period_version;currency;serving_contract_version;invoice_ref;metering_refs;offer_serving_cost;nonoffer_serving_cost;baseline_relevant_serving_cost;c_serving_total;allocation_rule_version;ledger_complete;reconciliation_state",Actual currency per randomized account,"c includes all relevant actual serving once; mutually exclusive cost tags reconciled to bills; same H_B rules across arms; no shared hypothetical unit price",Absolute observed serving cost nonnegative; delta cost may be negative; unknown costs stay null and cannot pass economic Gate,Direct both-arm c means and actual cost per effective expression with explicit denominator,Company contract and bill access required; public supplier price is not company paid cost,required_not_collected
stage5-v1.0,quality_and_complaint,One incident or feedback record,On service issue or user report,"trial_id;account_pseudo_id;incident_id;occurred_at_utc;attempt_id;issue_category;severity_rule_version;interruption_or_error_state;refund_or_cancel_link;resolution_state;event_coverage_state",Incidents per attempt and per randomized account,"Join original account; publish both attempt and account denominators; resolve overlaps with call and financial events without recounting cost",No complaint only known with functioning reporting; silent users do not establish no quality harm,Operational and teaching guardrail escalation,Minimized issue categories; do not export identifiable complaint text,required_not_collected
stage5-v1.0,cross_tier_policy_exposure,One original-tier account and attributable exposure,Only within separately authorized interference study,"policy_study_id;account_pseudo_id;pre_policy_tier;exposure_cluster_id;assignment_or_rollout_record_ref;occurred_at_utc;offer_policy_version;message_or_information_source;actual_exposure_state;billing_outcome_ref;serving_outcome_ref;interference_scope_version",Exposure and original-tier identifiers,"Separate original Free Super Max populations; same policy exposure and deployment scope; not identifiable from C1 original-Super account RCT alone",Unmeasured original-Max effect remains unknown not zero; individual anecdotes do not estimate spillover,Requirements for future full-policy Max propagation and downgrade identification,Separate company authorization and approved identifiable design required,required_for_full_policy_scale_not_collected
stage5-v1.0,budget_and_deployment,One approved policy scope and period,Before launch and before each expansion decision,"policy_version;scope_version;currency;period_version;approved_total_incremental_budget;incremental_fixed_F;incremental_other_cost;original_tier;eligible_deployment_N;deployed_N;effect_transport_scope_ref;approval_ref;budget_actual_to_date;budget_maturity_state",Currency and unique eligible accounts,"Deployment N is matched policy population not trial N global MAU or normalized unit; F incremental only and deducted once; full spend includes serving other and fixed investment",No budget N F or transport proof remains null; serving offer cap is not total spending cap,Separate learning investment budget direct economics and full-policy scale Gate,Authorized aggregate finance and eligibility counts; no personal detail required,required_not_collected
stage5-v1.0,account_period_observability,One randomized account and measurement domain period,At each lock or data completeness review,"trial_id;account_pseudo_id;domain;period_version;coverage_start_utc;coverage_end_utc;observability_state;missing_reason;pipeline_version;source_reconciliation_ref;late_data_state;lock_version",Coverage categorical and UTC timestamps,"Left join from immutable all-account registry to learning behavior billing and serving; expose missing rows rather than silently shrinking denominators",Complete absence may imply zero only for relevant count or mature ledger; primary absent score always missing,Guarantee zero versus missing distinction and cross-file auditable denominators,Authorized data quality metadata; no secrets or raw personal identifiers,required_not_collected
