sample_id,platform,product,item_type,source_url,listing_url,source_date,date_precision,accessed_on,paraphrase_zh,primary_theme,secondary_theme,valence
R01,Reddit,Duolingo Video Call,comment,https://www.reddit.com/r/duolingo/comments/1wc6n05/comment/p8w2e8w/,https://www.reddit.com/r/duolingo/comments/1wc6n05/,,unknown,2026-09-28,西语学习者说通话促使自己主动组织并说出目标语言,PRACTICE,ACCESS,positive
R02,Reddit,Duolingo Video Call,comment,https://www.reddit.com/r/duolingo/comments/1wc6n05/comment/p90hvu5/,https://www.reddit.com/r/duolingo/comments/1wc6n05/,,unknown,2026-09-28,用户认为通话记录和课后反馈有助于检查语法与词汇,FEEDBACK,PRACTICE,positive
R03,Reddit,Duolingo Video Call,comment,https://www.reddit.com/r/duolingo/comments/1wc6n05/comment/p8wwhz1/,https://www.reddit.com/r/duolingo/comments/1wc6n05/,,unknown,2026-09-28,用户称通话帮助从听懂转向开口但高等级时内容过于程式化,LEVEL,FLOW,mixed
R04,Reddit,Duolingo Video Call,comment,https://www.reddit.com/r/duolingo/comments/1wc6n05/comment/p8wml15/,https://www.reddit.com/r/duolingo/comments/1wc6n05/,,unknown,2026-09-28,用户认为通话能迫使自己说完整句子但几周后发现话题重复,PRACTICE,FLOW,mixed
R05,Reddit,Duolingo Video Call,comment,https://www.reddit.com/r/duolingo/comments/1wc6n05/comment/p95m2iu/,https://www.reddit.com/r/duolingo/comments/1wc6n05/,,unknown,2026-09-28,用户因重复话题而跳过通话且向角色求助措辞时会遇到通话结束,FLOW,FEEDBACK,negative
R06,Reddit,Duolingo Video Call,comment,https://www.reddit.com/r/duolingo/comments/1qw8ckv/comment/o3nuy7j/,https://www.reddit.com/r/duolingo/comments/1qw8ckv/,,unknown,2026-09-28,用户体验几次后因识别与卡顿问题开始跳过通话,RELIABILITY,PRACTICE,negative
R07,Reddit,Duolingo Video Call,comment,https://www.reddit.com/r/duolingo/comments/1qw8ckv/comment/o6s5sf0/,https://www.reddit.com/r/duolingo/comments/1qw8ckv/,,unknown,2026-09-28,法语学习者说识别错误和音画不同步让自己考虑改用较便宜订阅,RELIABILITY,VALUE,negative
R08,Reddit,Duolingo Video Call,comment,https://www.reddit.com/r/duolingo/comments/1qw8ckv/comment/o3nxezo/,https://www.reddit.com/r/duolingo/comments/1qw8ckv/,,unknown,2026-09-28,一名较高等级西语学习者认为通话有助于听说且角色可放慢或改述,PRACTICE,LEVEL,positive
R09,Reddit,Duolingo Video Call,comment,https://www.reddit.com/r/duolingo/comments/1qw8ckv/comment/o5a81u0/,https://www.reddit.com/r/duolingo/comments/1qw8ckv/,,unknown,2026-09-28,安卓用户称短暂停顿会被当成答完且转录遗漏语音,RELIABILITY,FLOW,negative
R10,Reddit,Duolingo Video Call,comment,https://www.reddit.com/r/duolingo/comments/1wcf8x8/comment/p8xanbg/,https://www.reddit.com/r/duolingo/comments/1wcf8x8/,,unknown,2026-09-28,用户在通话前先用目标语言思考并虚构故事以减少卡壳和扩展词汇,PRACTICE,FLOW,positive
R11,Reddit,Duolingo Video Call,comment,https://www.reddit.com/r/duolingo/comments/1wcf8x8/comment/p8xdnwg/,https://www.reddit.com/r/duolingo/comments/1wcf8x8/,,unknown,2026-09-28,用户主动提出话题和提问时觉得通话更有趣,FLOW,PRACTICE,positive
R12,Reddit,Duolingo Video Call,comment,https://www.reddit.com/r/duolingo/comments/1wcf8x8/comment/p93ehqy/,https://www.reddit.com/r/duolingo/comments/1wcf8x8/,,unknown,2026-09-28,用户通过主动要求更复杂语言获得练习但也觉得角色回复受限,FLOW,LEVEL,mixed
R13,Reddit,Duolingo Video Call,comment,https://www.reddit.com/r/duolingo/comments/1qqlq05/comment/o2hnjq6/,https://www.reddit.com/r/duolingo/comments/1qqlq05/,,unknown,2026-09-28,用户称结合近期课程内容并主动扩展回答时通话较有用,PRACTICE,FLOW,positive
R14,Reddit,Duolingo Video Call,comment,https://www.reddit.com/r/duolingo/comments/1qqlq05/comment/o2iacbu/,https://www.reddit.com/r/duolingo/comments/1qqlq05/,,unknown,2026-09-28,用户认为通话使自己从阅读点选转为听懂并说出回答,PRACTICE,LEVEL,positive
R15,Reddit,Duolingo Video Call,comment,https://www.reddit.com/r/duolingo/comments/1qqlq05/comment/o2iwhn3/,https://www.reddit.com/r/duolingo/comments/1qqlq05/,,unknown,2026-09-28,试用者对谈话记录被保留及持续询问个人信息感到不适,PRIVACY,VALUE,negative
R16,Reddit,Duolingo Video Call,comment,https://www.reddit.com/r/duolingo/comments/1qqlq05/comment/o2iz8nw/,https://www.reddit.com/r/duolingo/comments/1qqlq05/,,unknown,2026-09-28,用户称通话推动开口但卡壳时另一角色提供母语脚手架更有帮助,LEVEL,PRACTICE,mixed
R17,Reddit,Duolingo Video Call,comment,https://www.reddit.com/r/duolingo/comments/1uw387t/comment/oxg9b67/,https://www.reddit.com/r/duolingo/comments/1uw387t/,,unknown,2026-09-28,Super 订阅者说自己一直没有获得通话入口,ACCESS,VALUE,negative
R18,Reddit,Duolingo Video Call,comment,https://www.reddit.com/r/duolingo/comments/1uw387t/comment/oxfvcfo/,https://www.reddit.com/r/duolingo/comments/1uw387t/,,unknown,2026-09-28,另一名 Super 订阅者称自己可以使用通话,ACCESS,VALUE,positive
R19,Reddit,Duolingo Video Call,comment,https://www.reddit.com/r/duolingo/comments/1uw387t/comment/p0msxql/,https://www.reddit.com/r/duolingo/comments/1uw387t/,,unknown,2026-09-28,用户称曾短暂使用通话随后入口消失且没有清晰升级路径,ACCESS,VALUE,negative
T01,Trustpilot,Praktika AI,review,https://www.trustpilot.com/reviews/6a9e9142598ee64c31800b68,https://www.trustpilot.com/review/praktika.ai,2026-09-07,day,2026-09-28,评论者认为对话重复且纠错过于笼统因此订阅价值不足,FLOW,FEEDBACK,negative
T02,Trustpilot,Praktika AI,review,https://www.trustpilot.com/reviews/6a9e8efe1c050f3135c65730,https://www.trustpilot.com/review/praktika.ai,2026-09-07,day,2026-09-28,评论者称与 AI 对话让自己更敢犯错并可围绕兴趣练习,PRACTICE,LEVEL,positive
T03,Trustpilot,Praktika AI,review,https://www.trustpilot.com/reviews/6a90c4c3a98f649c3d08d2ae,https://www.trustpilot.com/review/praktika.ai,2026-08-28,day,2026-09-28,评论者认为每日互动练习有帮助虽有少量技术故障,PRACTICE,RELIABILITY,positive
T04,Trustpilot,Praktika AI,review,https://www.trustpilot.com/reviews/6a8f854b74732ef7f4f74ed2,https://www.trustpilot.com/review/praktika.ai,2026-08-27,day,2026-09-28,评论者喜欢能主动问文化与表达问题并获得回应但不同虚拟角色体验不一,FLOW,LEVEL,positive
T05,Trustpilot,Praktika AI,review,https://www.trustpilot.com/reviews/6a665768714c5e7700aa784c,https://www.trustpilot.com/review/praktika.ai?page=5,2026-07-26,day,2026-09-28,评论者称 AI 导师要求用已有词汇造口语句并指出可改进处,FEEDBACK,PRACTICE,positive
T06,Trustpilot,Praktika AI,review,https://www.trustpilot.com/reviews/6a6627e00454b0ac15dd5d53,https://www.trustpilot.com/review/praktika.ai?page=5,2026-07-26,day,2026-09-28,评论者认为按键说话和缓慢模板化回复破坏真实对话感,FLOW,RELIABILITY,negative
T07,Trustpilot,Praktika AI,review,https://www.trustpilot.com/reviews/6a65dff991edd3413f8260f8,https://www.trustpilot.com/review/praktika.ai?page=5,2026-07-26,day,2026-09-28,评论者认为先显示文本再朗读及固定话题使自由对话像普通课堂,FLOW,LEVEL,negative
T08,Trustpilot,Praktika AI,review,https://www.trustpilot.com/reviews/6a6753a41df520061f2026cb,https://www.trustpilot.com/review/praktika.ai?page=5,2026-07-27,day,2026-09-28,评论者认为免费角色语音失真影响理解且希望有更多免费练习,RELIABILITY,VALUE,mixed
T09,Trustpilot,Talkpal,review,https://www.trustpilot.com/reviews/6ab96347caa32c8d93741384,https://www.trustpilot.com/review/talkpal.ai,,unknown,2026-09-28,评论者称中级口语信心改善但高阶练习重复且纠错会误判,LEVEL,FEEDBACK,mixed
T10,Trustpilot,Talkpal,review,https://www.trustpilot.com/reviews/6ab4da2e234b94e7d309173b,https://www.trustpilot.com/review/talkpal.ai,,unknown,2026-09-28,初学者表示缺少词汇时 AI 对话难继续并尝试通用聊天工具替代,LEVEL,VALUE,negative
T11,Trustpilot,Talkpal,review,https://www.trustpilot.com/reviews/6ab064b3211e4b8a7e16a307,https://www.trustpilot.com/review/talkpal.ai,2026-09-21,day,2026-09-28,评论者认为每日回顾帮助定位自身错误,FEEDBACK,PRACTICE,positive
T12,Trustpilot,Talkpal,review,https://www.trustpilot.com/reviews/6ab01aedf0ba48f62a18b866,https://www.trustpilot.com/review/talkpal.ai,2026-09-20,day,2026-09-28,评论者认为无语言伙伴时通话有帮助但回复偶尔因连接问题卡住,PRACTICE,RELIABILITY,mixed
T13,Trustpilot,Talkpal,review,https://www.trustpilot.com/reviews/6aafb78ef3bf8c022228b271,https://www.trustpilot.com/review/talkpal.ai,2026-09-20,day,2026-09-28,评论者喜欢情景对话及纠错并认为内容适应其水平,FEEDBACK,LEVEL,positive
T14,Trustpilot,Duolingo,review,https://www.trustpilot.com/reviews/6ab8a82fa55d03a075a12eca,https://www.trustpilot.com/review/duolingo.com,,unknown,2026-09-28,评论者报告语音有时未录入且法语 AI 语音存在错误,RELIABILITY,FEEDBACK,negative
