gap_id,missing_quantity,existing_evidence,minimum_evidence_needed,obtainable_without_internal_data,allowed_inference,blocked_inference,affected_stages,impact_severity,next_action,stop_rule
G01,Entitlement and actual exposure denominator and effective date,S001 S010 product rollout statements,Account course locale device tier eligibility timestamp exposure and assignment,Official scope can be refined; representative account observation needs authorized participant access,Wider supply is plausible; most-new-Super is a disclosure-time statement,Exact adoption or treating August disclosure as June exposure,Stage2 scenario qualification and Stage4 adoption and Stage5 sampling,High for adoption estimates; low for company trend,Keep coverage separate from exposure and completion; specify qualification audit,No precise coverage or rollout event-study without effective dates and denominators
G02,Comparable feature cohort D7 D30 and CURR series,S001 dated CURR about84percent and quarterly DAU MAU,Fixed assigned cohort activity dates and baseline history; CURR window and denominator,No from aggregate public series,CURR is selected current-user next-day return context; not D30,0.84 power30 or feature retention effect or continuous CURR interpolation,Stage4 retention value and Stage5 effect validation,Blocks causal retention and LTV; does not block threshold design,Keep retention uplift unknown and predefine cohort outcome,No retention/LTV point estimate from company averages
G03,Natural-use learning effect and unpracticed transfer,S011 S015 randomized assigned study with selected completers; S012 narrower phrase comparison; v1.2 excluded-mean assumptions do not recover outcomes,All assigned baseline and follow-up scores; reasons for exclusions; usage dose; delayed unpracticed blinded task,Public study supports bounded mechanism; fully natural-use effect requires participant study,Restricted short-term learning signal supports H1 priority; conditional post-mean tipping analysis describes selection risk,Full-population ITT or cross-market effect or commercial uplift from Versant points; hypothetical tipping mean as observed score,Stage2 H1 H2 and Stage4 learning constraint and Stage5 design,High for scalable efficacy; not a reason to discard existing controlled signal,Retain selected-completer and all-assigned denominators; collect outcomes of zero users and excluded participants plus reasons; test natural adoption and delayed transfer,No transfer or monetization effect filled from reported speaking score; no significance claim from hypothetical group means
G04,Incremental business effect by assignment,Company growth and management explanations only,Randomized offers with exposure outcomes billing refunds and fixed follow-up,No public aggregate replacement,Engagement improvement and business value are distinct hypotheses,Feature explains a share of DAU growth or realized ROI,Stage3 causal Driver and Stage4 economic sign and Stage5 trial,Blocks actual effect estimate; threshold and experiment remain feasible,Use assignment-based comparison and retain nonusers in analysis,No regression of eight company quarters presented as feature effect
G05,Net Super Max and free-tier substitution,Company subscription stock and quarterly purchase/revenue flows,Mutually exclusive account billing paths by arm over same horizon; fees refunds and renewals,Posted prices only check offer plausibility; not realized contribution,Subscription weight makes substitution material enough to test,Plan prices as ARPU or subscriber stock as conversion or counting upgrade and renewal twice,Stage4 strategy ranking and Stage5 commercial guardrails,Critical for unconditional commercial ranking,Compute contribution by assigned account and billing path; model substitution separately,No winner if economic sign/ranking reverses inside defensible parameter ranges
G06,Incremental AI serving cost and effective practice denominator,Company margin and repeated AI efficiency statements,Incremental tokens audio seconds retries fallback and provider bill by assignment; effective minutes,Vendor tariffs can form explicit engineering proxies but need workload mapping,Cost efficiency is management-supported direction; failures may consume budget,Company gross margin as per-call cost or vendor list prices as actual Duolingo cost,Stage4 break-even and Stage5 cost guardrail,Critical for cost cap and scale decision,State cost per assigned account and per effective minute separately; retain waste,No cost point estimate or arbitrary narrow band without workload and contract evidence
G07,Current size of each eligible target population,Global MAU DAU and historical selected learner signal,Current unique eligible accounts by course locale tier device and version,Public scope only; small purpose samples cannot size population,Per-account or per1000-eligible scenario can be normalized without forecasting reach,Historical learner count or global MAU as current eligible cohort size,Stage4 total opportunity and Stage6 scale claims,Blocks total impact; per-unit threshold remains feasible,Keep N symbolic or clearly label normalized1000 units,No precise market-wide benefit forecast without cohort denominator
G08,Baseline rate variance follow-up and practical MDE,No representative target-event baseline; studies and VOC measure different outcomes,Pilot assignment exposure completion event rates and task score variance with sampling method,Small consented pilot is feasible; self-selected VOC rates are not substitutes,Pilot can detect usability issues and give uncertainty-aware rate planning,Fixed powered sample size or conversion forecast from anecdotal counts,Stage5 power and readiness; Stage4 scenario calibration,High for powered trial and narrow scenarios,Use rate uncertainty and operationally meaningful MDE; keep multiple planning cases,No power commitment until baseline and estimand match planned trial
G09,Full independent source audit and automatic refresh,Initial10numeric plus this round8numeric2events checked,Independent reads of remaining consequential rows or source change detection,Yes with bounded official-source review,Current checked facts have stronger traceability; remaining scope explicit,All56numeric objects or internal measurements independently certified,Stage3 facts and Stage6 sharing,Moderate confidence and maintenance gap; not causal blockage,Audit by decision impact; preserve row-level source and transformations,Stop when remaining unchecked facts cannot change current decision; never label full coverage
G10,Standard Jupyter kernel runtime,Actual direct9cells with tables and figures; two additional environment paths failed,Working compatible ZeroMQ kernel in an isolated verified environment,Existing alternatives lack required libraries; repair can be done later with explicit environment scope,Ordinary Python and direct computations are usable,Standard Jupyter passed or global networking broken,Stage3 portability and Stage4 execution,Low for arithmetic work; high for interactive Notebook delivery,Keep direct method explicit; standard repair is separate from business evidence,Do not repeatedly retry unchanged transport or upgrade global dependencies
