check_id,period_or_event,metric_or_feature,value,unit,source_id,source_url,source_locator,scope,status,limitation,checked_on,reviewer_role
"SA001","2024Q3","M001 DAU","37.2","million users","S004","https://www.sec.gov/Archives/edgar/data/1562088/000156208824000248/q3fy24duolingo09-30x24shar.htm","第8页摘要DAU行; web L124; Definitions均值与三个月期定义L245; 发布当日说明L233; 主表原source locator页码/行号吻合","global_company; daily_average; 季度各日去重活跃用户数平均; period=2024-07-01/2024-09-30; published_on=2024-11-06; original_value=37.2; main_value=37.2; 原单位/主单位均为million users; 表值/原值/单位/均值口径/报告期/发布日期/定位一致","passed","只核对该季度该指标公开披露，百万单位一位小数；不验证内部计数，不是全表或第三方鉴证","2026-09-30","independent_agent_source_review_not_initial_extractor"
"SA002","2024Q3","M002 MAU","113.1","million users","S004","https://www.sec.gov/Archives/edgar/data/1562088/000156208824000248/q3fy24duolingo09-30x24shar.htm","第8页摘要MAU行; web L123; Definitions均值与三个月期定义L243; 发布当日说明L233; 主表原source locator页码/行号吻合","global_company; monthly_average; 季度三个月各月去重活跃用户数平均; period=2024-07-01/2024-09-30; published_on=2024-11-06; original_value=113.1; main_value=113.1; 原单位/主单位均为million users; 表值/原值/单位/均值口径/报告期/发布日期/定位一致","passed","只核对该季度该指标公开披露，百万单位一位小数；不验证内部计数，不是全表或第三方鉴证","2026-09-30","independent_agent_source_review_not_initial_extractor"
"SA003","2024Q4","M001 DAU","40.5","million users","S005","https://www.sec.gov/Archives/edgar/data/1562088/000156208825000039/q4fy24duolingo12-31x24shar.htm","第11页摘要DAU行; web L153; Definitions均值与三个月期定义L300; 发布当日说明L285; 主表原source locator页码/行号吻合","global_company; daily_average; 季度各日去重活跃用户数平均; period=2024-10-01/2024-12-31; published_on=2025-02-27; original_value=40.5; main_value=40.5; 原单位/主单位均为million users; 表值/原值/单位/均值口径/报告期/发布日期/定位一致","passed","只核对该季度该指标公开披露，百万单位一位小数；不验证内部计数，不是全表或第三方鉴证","2026-09-30","independent_agent_source_review_not_initial_extractor"
"SA004","2024Q4","M002 MAU","116.7","million users","S005","https://www.sec.gov/Archives/edgar/data/1562088/000156208825000039/q4fy24duolingo12-31x24shar.htm","第11页摘要MAU行; web L152; Definitions均值与三个月期定义L298; 发布当日说明L285; 主表原source locator页码/行号吻合","global_company; monthly_average; 季度三个月各月去重活跃用户数平均; period=2024-10-01/2024-12-31; published_on=2025-02-27; original_value=116.7; main_value=116.7; 原单位/主单位均为million users; 表值/原值/单位/均值口径/报告期/发布日期/定位一致","passed","只核对该季度该指标公开披露，百万单位一位小数；不验证内部计数，不是全表或第三方鉴证","2026-09-30","independent_agent_source_review_not_initial_extractor"
"SA005","2025Q1","M001 DAU","46.6","million users","S006","https://www.sec.gov/Archives/edgar/data/1562088/000156208825000098/q1fy25duolingo3-31x25share.htm","第9页摘要DAU行; web L145; Definitions均值与三个月期定义L306; 发布当日说明L291; 主表原source locator页码/行号吻合","global_company; daily_average; 季度各日去重活跃用户数平均; period=2025-01-01/2025-03-31; published_on=2025-05-01; original_value=46.6; main_value=46.6; 原单位/主单位均为million users; 表值/原值/单位/均值口径/报告期/发布日期/定位一致","passed","只核对该季度该指标公开披露，百万单位一位小数；不验证内部计数，不是全表或第三方鉴证","2026-09-30","independent_agent_source_review_not_initial_extractor"
"SA006","2025Q1","M002 MAU","130.2","million users","S006","https://www.sec.gov/Archives/edgar/data/1562088/000156208825000098/q1fy25duolingo3-31x25share.htm","第9页摘要MAU行; web L144; Definitions均值与三个月期定义L304; 发布当日说明L291; 主表原source locator页码/行号吻合","global_company; monthly_average; 季度三个月各月去重活跃用户数平均; period=2025-01-01/2025-03-31; published_on=2025-05-01; original_value=130.2; main_value=130.2; 原单位/主单位均为million users; 表值/原值/单位/均值口径/报告期/发布日期/定位一致","passed","只核对该季度该指标公开披露，百万单位一位小数；不验证内部计数，不是全表或第三方鉴证","2026-09-30","independent_agent_source_review_not_initial_extractor"
"SA007","2025Q2","M001 DAU","47.7","million users","S007","https://www.sec.gov/Archives/edgar/data/1562088/000156208825000165/q2fy25duolingo6-30x25share.htm","第8页摘要DAU行; web L113; Definitions均值与三个月期定义L224; 发布当日说明L212; 主表原source locator页码/行号吻合","global_company; daily_average; 季度各日去重活跃用户数平均; period=2025-04-01/2025-06-30; published_on=2025-08-06; original_value=47.7; main_value=47.7; 原单位/主单位均为million users; 表值/原值/单位/均值口径/报告期/发布日期/定位一致","passed","只核对该季度该指标公开披露，百万单位一位小数；不验证内部计数，不是全表或第三方鉴证","2026-09-30","independent_agent_source_review_not_initial_extractor"
"SA008","2025Q2","M002 MAU","128.3","million users","S007","https://www.sec.gov/Archives/edgar/data/1562088/000156208825000165/q2fy25duolingo6-30x25share.htm","第8页摘要MAU行; web L112; Definitions均值与三个月期定义L222; 发布当日说明L212; 主表原source locator页码/行号吻合","global_company; monthly_average; 季度三个月各月去重活跃用户数平均; period=2025-04-01/2025-06-30; published_on=2025-08-06; original_value=128.3; main_value=128.3; 原单位/主单位均为million users; 表值/原值/单位/均值口径/报告期/发布日期/定位一致","passed","只核对该季度该指标公开披露，百万单位一位小数；不验证内部计数，不是全表或第三方鉴证","2026-09-30","independent_agent_source_review_not_initial_extractor"
"SA009","E2024Q3_01","Video Call within Max","introduced in 2024Q3; exact date undisclosed","qualitative event","S004|S005","https://www.sec.gov/Archives/edgar/data/1562088/000156208824000248/q3fy24duolingo09-30x24shar.htm | https://www.sec.gov/Archives/edgar/data/1562088/000156208825000039/q4fy24duolingo12-31x24shar.htm","S004第5页对话功能说明web L84–86; S005第6页Monetization web L97回溯Q3 2024推出; 主事件表S004定位吻合","Video Call/Max; 2024-07-01/2024-09-30季度粒度; S004披露2024-11-06; S005回溯2025-02-27; 主表event_date=2024Q3且精度quarter; 发布日期与季度发生窗口分开","passed","S004只称Q3宣布；S005支持Q3推出但无具体日。事件表/复盘未将推出与DAU或收入共时变化写为功能因果贡献；不证明功能效果","2026-09-30","independent_agent_source_review_not_initial_extractor"
"SA010","E2024Q4_02","Max share of paid subscribers","5","percent of paid subscribers at year-end","S005","https://www.sec.gov/Archives/edgar/data/1562088/000156208825000039/q4fy24duolingo12-31x24shar.htm","第6页Monetization web L97; 年末分母为paid subscribers; 主事件表页码/行号吻合","Max套餐存量占全部付费订阅者; event_date=2024-12-31; disclosed_on=2025-02-27; 原5%与主事件表一致; 非收入占比、非采用率","passed","原文另把Video Call称为成功的重要Driver，属于管理层归因。主事件表已限于套餐占比，复盘未把5%改成功能付费贡献或因果效果；整数披露且无功能分母","2026-09-30","independent_agent_source_review_not_initial_extractor"
