period_start,period_end,fiscal_year,fiscal_quarter,metric_id,value,unit,aggregation_type,scope,source_id,calculation_label,yoy_baseline_period_end,yoy_baseline_value,yoy_baseline_source_id,yoy_pct,yoy_rounding_low_pct,yoy_rounding_high_pct,qoq_baseline_period_end,qoq_baseline_value,qoq_baseline_source_id,qoq_pct,qoq_rounding_low_pct,qoq_rounding_high_pct,reported_yoy_pct,reported_yoy_source_id,reported_yoy_locator,reported_yoy_precision_pp
2024-07-01,2024-09-30,2024,3,M001,37.2,million users,daily_average,global_company,S004,analyst_derived_from_disclosed_values,2023-09-30,24.2,S004,53.71900826446283,53.195876288659825,54.244306418219466,2024-06-30,34.1,S007,9.090909090909104,8.784773060029295,9.397944199706298,54.0,S004,p.8; Summary of Financial and Key Operating Metrics; DAU; YoY column; web line 124,1
2024-07-01,2024-09-30,2024,3,M002,113.1,million users,monthly_average,global_company,S004,analyst_derived_from_disclosed_values,2023-09-30,83.1,S004,36.101083032490976,35.959110042092625,36.24322697170379,2024-06-30,103.6,S007,9.16988416988418,9.068982151471294,9.270883631096094,36.0,S004,p.8; Summary of Financial and Key Operating Metrics; MAU; YoY column; web line 123,1
2024-07-01,2024-09-30,2024,3,M004,8.6,million accounts,period_end_stock,global_company,S004,analyst_derived_from_disclosed_values,2023-09-30,5.8,S004,48.27586206896552,46.153846153846146,50.43478260869565,2024-06-30,8.0,S007,7.499999999999996,6.21118012422357,8.805031446540879,47.0,S004,p.8; Summary of Financial and Key Operating Metrics; Paid subscribers; YoY column; web line 125,1
2024-07-01,2024-09-30,2024,3,M005,176.3,USD million,quarterly_flow,global_company,S004,analyst_derived_from_disclosed_values,2023-09-30,121.3,S004,45.3421269579555,45.24103831891224,45.443298969072174,2024-06-30,156.5,S007,12.651757188498403,12.583839029064192,12.71971875998723,45.0,S004,p.8; Summary of Financial and Key Operating Metrics; Subscription bookings; YoY column; web line 128,1
2024-07-01,2024-09-30,2024,3,M006,211.5,USD million,quarterly_flow,global_company,S004,analyst_derived_from_disclosed_values,2023-09-30,153.6,S004,37.6953125,37.61796290270094,37.77271247150769,2024-06-30,190.1,S007,11.257233035244617,11.201682881935305,11.312812417784812,38.0,S004,p.8; Summary of Financial and Key Operating Metrics; Total bookings; YoY column; web line 129,1
2024-07-01,2024-09-30,2024,3,M007,192.594,USD million,quarterly_flow,global_company,S004,analyst_derived_from_disclosed_values,2023-09-30,137.624,S004,39.94216125094461,39.94128952330438,39.94303298491897,2024-06-30,178.327,S007,8.000471044766066,7.999887846798748,8.001054246003815,40.0,S004,p.8; Summary of Financial and Key Operating Metrics; GAAP revenue; YoY column; web line 133,1
2024-07-01,2024-09-30,2024,3,M008,0.3289124668435014,ratio,derived_ratio,global_company,S004,analyst_derived_from_disclosed_values,2023-09-30,0.29121540312876054,S004,12.944735515268446,,,2024-06-30,0.32915057915057916,S007,-0.07234145165178063,,,,,,
2024-07-01,2024-09-30,2024,3,M009,157.6,USD million,quarterly_flow,global_company,S004,analyst_derived_from_disclosed_values,2023-09-30,105.9,S004,48.81964117091595,48.70221802737138,48.937175247992435,2024-06-30,143.9,S007,9.5205003474635,9.447724904480692,9.593326381647561,49.0,S004,p.9; revenues by product type; Subscription; % Change column; web line 169,1
2024-10-01,2024-12-31,2024,4,M001,40.5,million users,daily_average,global_company,S005,analyst_derived_from_disclosed_values,2023-12-31,26.9,S005,50.557620817843876,50.09276437847867,51.02420856610801,2024-09-30,37.2,S004,8.870967741935477,8.59060402684564,9.152086137281268,51.0,S005,p.11; Summary of Financial and Key Operating Metrics; DAU; YoY column; web line 153,1
2024-10-01,2024-12-31,2024,4,M002,116.7,million users,monthly_average,global_company,S005,analyst_derived_from_disclosed_values,2023-12-31,88.4,S005,32.01357466063348,31.88241944601471,32.14487832484436,2024-09-30,113.1,S004,3.1830238726790583,3.0932390631904783,3.2728881026094614,32.0,S005,p.11; Summary of Financial and Key Operating Metrics; MAU; YoY column; web line 152,1
2024-10-01,2024-12-31,2024,4,M004,9.5,million accounts,period_end_stock,global_company,S005,analyst_derived_from_disclosed_values,2023-12-31,6.6,S005,43.939393939393945,42.10526315789473,45.80152671755726,2024-09-30,8.6,S004,10.465116279069765,9.248554913294793,11.69590643274856,43.0,S005,p.11; Summary of Financial and Key Operating Metrics; Paid subscribers; YoY column; web line 154,1
2024-10-01,2024-12-31,2024,4,M005,236.5,USD million,quarterly_flow,global_company,S005,analyst_derived_from_disclosed_values,2023-12-31,157.8,S005,49.873257287705954,49.79410833069367,49.95245641838353,2024-09-30,176.3,S004,34.14634146341462,34.07995463566769,34.21276595744682,50.0,S005,p.11; Summary of Financial and Key Operating Metrics; Subscription bookings; YoY column; web line 159,1
2024-10-01,2024-12-31,2024,4,M006,271.6,USD million,quarterly_flow,global_company,S005,analyst_derived_from_disclosed_values,2023-12-31,191.0,S005,42.19895287958116,42.13556660560063,42.26237234878243,2024-09-30,211.5,S004,28.41607565011821,28.36208934058142,28.470087491132688,42.0,S005,p.11; Summary of Financial and Key Operating Metrics; Total bookings; YoY column; web line 160,1
2024-10-01,2024-12-31,2024,4,M007,209.55,USD million,quarterly_flow,global_company,S005,analyst_derived_from_disclosed_values,2023-12-31,150.985,S005,38.788621386230425,38.787830619496575,38.78941215820164,2024-09-30,192.594,S004,8.804012586061871,8.803470504090228,8.804554670848175,39.0,S005,p.11; Summary of Financial and Key Operating Metrics; GAAP revenue; YoY column; web line 165,1
2024-10-01,2024-12-31,2024,4,M008,0.34704370179948585,ratio,derived_ratio,global_company,S005,analyst_derived_from_disclosed_values,2023-12-31,0.3042986425339366,S005,14.047075238195351,,,2024-09-30,0.3289124668435014,S004,5.512480305166245,,,,,,
2024-10-01,2024-12-31,2024,4,M009,174.3,USD million,quarterly_flow,global_company,S005,analyst_derived_from_disclosed_values,2023-12-31,117.5,S005,48.34042553191491,48.23479370480648,48.44614729672203,2024-09-30,157.6,S004,10.596446700507634,10.529654297494439,10.663281497937183,48.0,S005,p.13; revenues by product type; Subscription; % Change column; web line 206,1
2025-01-01,2025-03-31,2025,1,M001,46.6,million users,daily_average,global_company,S006,analyst_derived_from_disclosed_values,2024-03-31,31.4,S006,48.407643312101925,48.01271860095391,48.80382775119618,2024-12-31,40.5,S005,15.061728395061724,14.796547472256494,15.32756489493201,49.0,S006,p.9; Summary of Financial and Key Operating Metrics; DAU; YoY column; web line 145,1
2025-01-01,2025-03-31,2025,1,M002,130.2,million users,monthly_average,global_company,S006,analyst_derived_from_disclosed_values,2024-03-31,97.6,S006,33.4016393442623,33.28213005632359,33.52127114300358,2024-12-31,116.7,S005,11.568123393316188,11.47751605995715,11.658808401200172,33.0,S006,p.9; Summary of Financial and Key Operating Metrics; MAU; YoY column; web line 144,1
2025-01-01,2025-03-31,2025,1,M004,10.3,million accounts,period_end_stock,global_company,S006,analyst_derived_from_disclosed_values,2024-03-31,7.4,S006,39.189189189189186,37.583892617449656,40.816326530612244,2024-12-31,9.5,S005,8.421052631578952,7.329842931937169,9.523809523809557,40.0,S006,p.9; Summary of Financial and Key Operating Metrics; Paid subscribers; YoY column; web line 146,1
2025-01-01,2025-03-31,2025,1,M005,232.2,USD million,quarterly_flow,global_company,S006,analyst_derived_from_disclosed_values,2024-03-31,161.5,S006,43.77708978328172,43.70164035902195,43.8525859399195,2024-12-31,236.5,S005,-1.8181818181818188,-1.8600718664130378,-1.7762740537111354,44.0,S006,p.9; Summary of Financial and Key Operating Metrics; Subscription bookings; YoY column; web line 149,1
2025-01-01,2025-03-31,2025,1,M006,271.6,USD million,quarterly_flow,global_company,S006,analyst_derived_from_disclosed_values,2024-03-31,197.5,S006,37.51898734177217,37.45887117185522,37.57913395796406,2024-12-31,271.6,S005,0.0,-0.0368120743604039,0.03682563063893696,38.0,S006,p.9; Summary of Financial and Key Operating Metrics; Total bookings; YoY column; web line 150,1
2025-01-01,2025-03-31,2025,1,M007,230.743,USD million,quarterly_flow,global_company,S006,analyst_derived_from_disclosed_values,2024-03-31,167.553,S006,37.713439926471025,37.7127305606866,37.714149296489154,2024-12-31,209.55,S005,10.113576712001905,10.11307536846726,10.11407805792901,38.0,S006,p.9; Summary of Financial and Key Operating Metrics; GAAP revenue; YoY column; web line 154,1
2025-01-01,2025-03-31,2025,1,M008,0.3579109062980031,ratio,derived_ratio,global_company,S006,analyst_derived_from_disclosed_values,2024-03-31,0.32172131147540983,S006,11.248740301544903,,,2024-12-31,0.34704370179948585,S005,3.131364851794971,,,,,,
2025-01-01,2025-03-31,2025,1,M009,191.0,USD million,quarterly_flow,global_company,S006,analyst_derived_from_disclosed_values,2024-03-31,131.7,S006,45.02657555049356,44.9335863377609,45.119635396885705,2024-12-31,174.3,S005,9.581181870338495,9.52107829079436,9.641319942611194,45.0,S006,p.10; revenues by product type; Subscription; % Change column; web line 192,1
2025-04-01,2025-06-30,2025,2,M001,47.7,million users,daily_average,global_company,S007,analyst_derived_from_disclosed_values,2024-06-30,34.1,S007,39.88269794721408,39.53147877013179,40.23494860499264,2025-03-31,46.6,S006,2.3605150214592197,2.143622722400873,2.5778732545649774,40.0,S007,p.8; Summary of Financial and Key Operating Metrics; DAU; YoY column; web line 113,1
2025-04-01,2025-06-30,2025,2,M002,128.3,million users,monthly_average,global_company,S007,analyst_derived_from_disclosed_values,2024-06-30,103.6,S007,23.841698841698864,23.733719247467455,23.949782713664924,2025-03-31,130.2,S006,-1.4592933947772502,-1.5355086372360827,-1.3830195927775346,24.0,S007,p.8; Summary of Financial and Key Operating Metrics; MAU; YoY column; web line 112,1
2025-04-01,2025-06-30,2025,2,M004,10.9,million accounts,period_end_stock,global_company,S007,analyst_derived_from_disclosed_values,2024-06-30,8.0,S007,36.25000000000001,34.78260869565215,37.73584905660379,2025-03-31,10.3,S006,5.825242718446599,4.830917874396112,6.829268292682933,37.0,S007,p.8; Summary of Financial and Key Operating Metrics; Paid subscribers; YoY column; web line 114,1
2025-04-01,2025-06-30,2025,2,M005,227.3,USD million,quarterly_flow,global_company,S007,analyst_derived_from_disclosed_values,2024-06-30,156.5,S007,45.239616613418534,45.161290322580626,45.3179929689997,2025-03-31,232.2,S006,-2.110249784668383,-2.152852529601723,-2.0676286883480333,45.0,S007,p.8; Summary of Financial and Key Operating Metrics; Subscription bookings; YoY column; web line 117,1
2025-04-01,2025-06-30,2025,2,M006,268.0,USD million,quarterly_flow,global_company,S007,analyst_derived_from_disclosed_values,2024-06-30,190.1,S007,40.9784324039979,40.9150670523271,41.04183109707973,2025-03-31,271.6,S006,-1.3254786450662803,-1.3620467513344559,-1.2888970723623605,41.0,S007,p.8; Summary of Financial and Key Operating Metrics; Total bookings; YoY column; web line 118,1
2025-04-01,2025-06-30,2025,2,M007,252.265,USD million,quarterly_flow,global_company,S007,analyst_derived_from_disclosed_values,2024-06-30,178.327,S007,41.46203323108671,41.461356212586395,41.46271025338353,2025-03-31,230.743,S006,9.327260198575903,9.326806605603188,9.327713793514402,41.0,S007,p.8; Summary of Financial and Key Operating Metrics; GAAP revenue; YoY column; web line 122,1
2025-04-01,2025-06-30,2025,2,M008,0.37178487918939984,ratio,derived_ratio,global_company,S007,analyst_derived_from_disclosed_values,2024-06-30,0.32915057915057916,S007,12.952825466339647,,,2025-03-31,0.3579109062980031,S006,3.876376116866642,,,,,,
2025-04-01,2025-06-30,2025,2,M009,210.7,USD million,quarterly_flow,global_company,S007,analyst_derived_from_disclosed_values,2024-06-30,143.9,S007,46.421125781792895,46.33553317123997,46.50677789363922,2025-03-31,191.0,S006,10.31413612565444,10.259094477885355,10.369206598586022,46.0,S007,p.8; Summary of Financial and Key Operating Metrics; Subscription revenue; YoY column; web line 123,1
2025-07-01,2025-09-30,2025,3,M001,50.5,million users,daily_average,global_company,S008,analyst_derived_from_disclosed_values,2024-09-30,37.2,S004,35.752688172043,35.436241610738264,36.06998654104976,2025-06-30,47.7,S007,5.870020964360578,5.6544502617801085,6.086044071353602,36.0,S008,摘要第7页DAU行，web L101,1
2025-07-01,2025-09-30,2025,3,M002,135.3,million users,monthly_average,global_company,S008,analyst_derived_from_disclosed_values,2024-09-30,113.1,S004,19.628647214854134,19.531595227574016,19.725785050862466,2025-06-30,128.3,S007,5.455962587685104,5.375925204518883,5.536062378167661,20.0,S008,摘要第7页MAU行；定义第12页，web L100、220,1
2025-07-01,2025-09-30,2025,3,M004,11.5,million accounts,period_end_stock,global_company,S008,analyst_derived_from_disclosed_values,2024-09-30,8.6,S004,33.72093023255815,32.369942196531774,35.08771929824563,2025-06-30,10.9,S007,5.504587155963292,4.566210045662089,6.451612903225823,34.0,S008,摘要第7页Paid subscribers期末行，web L102,1
2025-07-01,2025-09-30,2025,3,M005,240.27,USD million,quarterly_flow,global_company,S017,analyst_derived_from_disclosed_values,2024-09-30,176.3,S004,36.2847419171866,36.24581797561666,36.323687943262414,2025-06-30,227.3,S007,5.706115266168066,5.682647899714088,5.729592959295937,36.0,S008,股东信摘要第7页，Q3 2025/2024列及YoY列，web L100–111,1
2025-07-01,2025-09-30,2025,3,M006,281.919,USD million,quarterly_flow,global_company,S017,analyst_derived_from_disclosed_values,2024-09-30,211.5,S004,33.29503546099291,33.26329472937839,33.32679120359423,2025-06-30,268.0,S007,5.193656716417894,5.173848162656225,5.213472662810226,33.0,S008,股东信摘要第7页，Q3 2025/2024列及YoY列，web L100–111,1
2025-07-01,2025-09-30,2025,3,M007,271.713,USD million,quarterly_flow,global_company,S008,analyst_derived_from_disclosed_values,2024-09-30,192.594,S004,41.080719025514824,41.0800931490775,41.0813449052019,2025-06-30,252.265,S007,7.7093532594692205,7.7089415714792775,7.709764949091147,41.0,S008,股东信摘要第7页，Q3 2025/2024列及YoY列，web L100–111,1
2025-07-01,2025-09-30,2025,3,M008,0.37324464153732445,ratio,derived_ratio,global_company,S008,analyst_derived_from_disclosed_values,2024-09-30,0.3289124668435014,S004,13.478411177073625,,,2025-06-30,0.37178487918939984,S007,0.3926362877122225,,,,,,
2025-07-01,2025-09-30,2025,3,M009,229.491,USD million,quarterly_flow,global_company,S017,analyst_derived_from_disclosed_values,2024-09-30,157.6,S004,45.61611675126904,45.569616238503016,45.66264677880041,2025-06-30,210.7,S007,8.918367346938783,8.892289442467384,8.944457631141711,46.0,S008,股东信摘要第7页，Q3 2025/2024列及YoY列，web L100–111,1
2025-10-01,2025-12-31,2025,4,M001,52.7,million users,daily_average,global_company,S009,analyst_derived_from_disclosed_values,2024-12-31,40.5,S005,30.12345679012347,29.839704069050587,30.407911001236076,2025-09-30,50.5,S008,4.35643564356436,4.154302670623156,4.558969276511382,30.0,S009,摘要第8页DAU行，web L126,1
2025-10-01,2025-12-31,2025,4,M002,133.1,million users,monthly_average,global_company,S009,analyst_derived_from_disclosed_values,2024-12-31,116.7,S005,14.053127677806332,13.961456102783721,14.144877839691382,2025-09-30,135.3,S008,-1.6260162601626105,-1.6992981159955955,-1.5526802218114533,14.0,S009,摘要第8页MAU行；定义第13页，web L125、240,1
2025-10-01,2025-12-31,2025,4,M004,12.2,million accounts,period_end_stock,global_company,S009,analyst_derived_from_disclosed_values,2024-12-31,9.5,S005,28.421052631578945,27.22513089005234,29.62962962962965,2025-09-30,11.5,S008,6.0869565217391175,5.194805194805174,6.986899563318794,28.0,S009,摘要第8页Paid subscribers期末行，web L127,1
2025-10-01,2025-12-31,2025,4,M005,296.6,USD million,quarterly_flow,global_company,S009,analyst_derived_from_disclosed_values,2024-12-31,236.5,S005,25.412262156448207,25.36461636017755,25.459928103193086,2025-09-30,240.27,S017,23.444458317725903,23.423391552437778,23.465525170693734,25.0,S009,摘要第8页Subscription bookings行，web L132,1
2025-10-01,2025-12-31,2025,4,M006,336.8,USD million,quarterly_flow,global_company,S009,analyst_derived_from_disclosed_values,2024-12-31,271.6,S005,24.005891016200298,23.964660408614,24.047136807217818,2025-09-30,281.919,S017,19.46693908534012,19.448991644778047,19.48488658956402,24.0,S009,摘要第8页Total bookings行，web L133,1
2025-10-01,2025-12-31,2025,4,M007,282.868,USD million,quarterly_flow,global_company,S009,analyst_derived_from_disclosed_values,2024-12-31,209.55,S005,34.98830827964685,34.98774758351806,34.98886897845137,2025-09-30,271.713,S008,4.105434778608297,4.105059189182714,4.105810369416174,35.0,S009,股东信摘要第8页，Q4 2025/2024列及YoY列，web L125–138,1
2025-10-01,2025-12-31,2025,4,M008,0.3959429000751315,ratio,derived_ratio,global_company,S009,analyst_derived_from_disclosed_values,2024-12-31,0.34704370179948585,S005,14.090213429056409,,,2025-09-30,0.37324464153732445,S008,6.081335406267918,,,,,,
2025-10-01,2025-12-31,2025,4,M009,242.286,USD million,quarterly_flow,global_company,S018|S017,analyst_derived_from_disclosed_values,2024-12-31,174.3,S005,39.00516351118759,38.964726125609396,39.04562410329986,2025-09-30,229.491,S017,5.575382041125798,5.57471627489472,5.576047810257934,,,,
2026-01-01,2026-03-31,2026,1,M001,56.5,million users,daily_average,global_company,S010,analyst_derived_from_disclosed_values,2025-03-31,46.6,S006,21.244635193133043,21.00750267952842,21.48227712137485,2025-12-31,52.7,S009,7.210626185958247,7.014218009478679,7.407407407407396,21.0,S010,摘要第8页DAU行，web L121；定义第13页L230,1
2026-01-01,2026-03-31,2026,1,M002,137.8,million users,monthly_average,global_company,S016,analyst_derived_from_disclosed_values,2025-03-31,130.2,S006,5.8371735791090895,5.758157389635321,5.916250480215179,2025-12-31,133.1,S009,3.53117956423743,3.454750281637242,3.607666290868128,6.0,S016,MD&A第23页MAU同比文字，web L773,1
2026-01-01,2026-03-31,2026,1,M004,12.5,million accounts,period_end_stock,global_company,S010,analyst_derived_from_disclosed_values,2025-03-31,10.3,S006,21.359223300970864,20.289855072463748,22.4390243902439,2025-12-31,12.2,S009,2.459016393442637,1.6326530612244872,3.292181069958855,21.0,S010,摘要第8页Paid subscribers期末行，web L122,1
2026-01-01,2026-03-31,2026,1,M005,268.1,USD million,quarterly_flow,global_company,S010,analyst_derived_from_disclosed_values,2025-03-31,232.2,S006,15.460809646856166,15.414424111948332,15.5072151626104,2025-12-31,296.6,S009,-9.608900876601478,-9.640991066913873,-9.576799865115483,15.0,S010,摘要第8页Subscription bookings行，web L125,1
2026-01-01,2026-03-31,2026,1,M006,308.5,USD million,quarterly_flow,global_company,S010,analyst_derived_from_disclosed_values,2025-03-31,271.6,S006,13.586156111929304,13.546843364623573,13.625483336402144,2025-12-31,336.8,S009,-8.402612826603328,-8.431052397209449,-8.37416481069042,14.0,S010,摘要第8页Total bookings行，web L126,1
2026-01-01,2026-03-31,2026,1,M007,291.967,USD million,quarterly_flow,global_company,S010,analyst_derived_from_disclosed_values,2025-03-31,230.743,S006,26.533415964948006,26.532925087813975,26.533906844209444,2025-12-31,282.868,S009,3.2166947127281853,3.2163355057208687,3.217053921005397,27.0,S010,股东信摘要第8页，Q1 2026/2025列及YoY列，web L121–130,1
2026-01-01,2026-03-31,2026,1,M008,0.41001451378809867,ratio,derived_ratio,global_company,S010|S016,analyst_derived_from_disclosed_values,2025-03-31,0.3579109062980031,S006,14.5577032086061,,,2025-12-31,0.3959429000751315,S009,3.5539502565387737,,,,,,
2026-01-01,2026-03-31,2026,1,M009,250.908,USD million,quarterly_flow,global_company,S010,analyst_derived_from_disclosed_values,2025-03-31,191.0,S006,31.365445026177994,31.330803454593024,31.400104739460577,2025-12-31,242.286,S018|S017,3.5586042940987106,3.5579705060527322,3.5592380873764373,31.0,S010,收入分项附录第20页Subscription行%Change，web L381,1
2026-04-01,2026-06-30,2026,2,M001,58.7,million users,daily_average,global_company,S002,analyst_derived_from_disclosed_values,2025-06-30,47.7,S007,23.060796645702307,22.82722513089006,23.294858342077628,2026-03-31,56.5,S010,3.8938053097345104,3.7135278514589087,4.074402125775012,23.0,S002,MD&A Operating Metrics: DAU three-month comparative narrative,1
2026-04-01,2026-06-30,2026,2,M002,140.6,million users,monthly_average,global_company,S002,analyst_derived_from_disclosed_values,2025-06-30,128.3,S007,9.58690568978955,9.505259057265247,9.66861598440547,2026-03-31,137.8,S016,2.0319303338171224,1.9586507072905102,2.1052631578947434,10.0,S002,MD&A Monthly active users: three-month comparative narrative,1
2026-04-01,2026-06-30,2026,2,M004,12.7,million accounts,period_end_stock,global_company,S002,analyst_derived_from_disclosed_values,2025-06-30,10.9,S007,16.5137614678899,15.525114155251106,17.511520737327203,2026-03-31,12.5,S010,1.6000000000000014,0.7968127490039612,2.4096385542168752,17.0,S002,MD&A Paid Subscribers: period-end comparative narrative,1
2026-04-01,2026-06-30,2026,2,M005,250.316,USD million,quarterly_flow,global_company,S002,analyst_derived_from_disclosed_values,2025-06-30,227.3,S007,10.125824901011882,10.10138552892017,10.150275027502742,2026-03-31,268.1,S010,-6.633345766505039,-6.650941637143393,-6.615743331468016,10.0,S002,MD&A Subscription bookings: three-month comparative narrative,1
2026-04-01,2026-06-30,2026,2,M006,289.054,USD million,quarterly_flow,global_company,S002,analyst_derived_from_disclosed_values,2025-06-30,268.0,S007,7.8559701492537215,7.835664987875379,7.876282888598607,2026-03-31,308.5,S010,-6.303403565640197,-6.318748987198197,-6.288053169071173,8.0,S002,MD&A Total bookings: three-month comparative narrative,1
2026-04-01,2026-06-30,2026,2,M007,298.454,USD million,quarterly_flow,global_company,S002,analyst_derived_from_disclosed_values,2025-06-30,252.265,S007,18.309713991239374,18.30928129292355,18.310146691270468,2026-03-31,291.967,S010,2.221826439289387,2.2214801304939913,2.222172749270901,18.0,S002,MD&A Revenues: three-month total revenue comparison and growth,1
2026-04-01,2026-06-30,2026,2,M008,0.41749644381223333,ratio,derived_ratio,global_company,S002,analyst_derived_from_disclosed_values,2025-06-30,0.37178487918939984,S007,12.295165075701341,,,2026-03-31,0.41001451378809867,S010|S016,1.8247963846473647,,,,,,
2026-04-01,2026-06-30,2026,2,M009,258.035,USD million,quarterly_flow,global_company,S002,analyst_derived_from_disclosed_values,2025-06-30,210.7,S007,22.465590887517806,22.436298932384368,22.494896748160475,2026-03-31,250.908,S010,2.840483364420443,2.840079152360353,2.8408875780915332,22.0,S002,MD&A changes in revenues by product type: three-month Subscription row and percent-change column,1
