period_start,period_end,fiscal_year,fiscal_quarter,metric_id,value,unit,aggregation_type,scope,source_id,source_locator,accessed_on,transformation_note,original_value,original_unit,published_on,source_url,evidence_label,precision_million,reported_yoy_pct,reported_yoy_source_id,reported_yoy_locator,reported_yoy_precision_pp,derivation_type,input_lineage
2023-07-01,2023-09-30,2023,3,M001,24.2,million users,daily_average,global_company,S004,p.8; Summary of Financial and Key Operating Metrics; DAU; web lines 124,2026-09-30,identity; preserve published million-unit precision,24.2,million users,2024-11-06,https://www.sec.gov/Archives/edgar/data/1562088/000156208824000248/q3fy24duolingo09-30x24shar.htm,observed_official,0.1,,S004,,,identity_or_unit_conversion,[]
2023-07-01,2023-09-30,2023,3,M002,83.1,million users,monthly_average,global_company,S004,p.8; Summary of Financial and Key Operating Metrics; MAU; web lines 123,2026-09-30,identity; preserve published million-unit precision,83.1,million users,2024-11-06,https://www.sec.gov/Archives/edgar/data/1562088/000156208824000248/q3fy24duolingo09-30x24shar.htm,observed_official,0.1,,S004,,,identity_or_unit_conversion,[]
2023-07-01,2023-09-30,2023,3,M004,5.8,million accounts,period_end_stock,global_company,S004,p.8; Summary of Financial and Key Operating Metrics; Paid subscribers; web lines 125,2026-09-30,identity; preserve published million-unit precision,5.8,million accounts,2024-11-06,https://www.sec.gov/Archives/edgar/data/1562088/000156208824000248/q3fy24duolingo09-30x24shar.htm,observed_official,0.1,,S004,,,identity_or_unit_conversion,[]
2023-07-01,2023-09-30,2023,3,M005,121.3,USD million,quarterly_flow,global_company,S004,p.8; Summary of Financial and Key Operating Metrics; Subscription bookings; web lines 128,2026-09-30,identity; preserve published million-unit precision,$121.3,USD million,2024-11-06,https://www.sec.gov/Archives/edgar/data/1562088/000156208824000248/q3fy24duolingo09-30x24shar.htm,observed_official,0.1,,S004,,,identity_or_unit_conversion,[]
2023-07-01,2023-09-30,2023,3,M006,153.6,USD million,quarterly_flow,global_company,S004,p.8; Summary of Financial and Key Operating Metrics; Total bookings; web lines 129,2026-09-30,identity; preserve published million-unit precision,$153.6,USD million,2024-11-06,https://www.sec.gov/Archives/edgar/data/1562088/000156208824000248/q3fy24duolingo09-30x24shar.htm,observed_official,0.1,,S004,,,identity_or_unit_conversion,[]
2023-07-01,2023-09-30,2023,3,M007,137.624,USD million,quarterly_flow,global_company,S004,p.17; condensed consolidated statements of operations; Revenues; three months ended; web lines 319,2026-09-30,raw USD thousands / 1000,"$137,624",USD thousand,2024-11-06,https://www.sec.gov/Archives/edgar/data/1562088/000156208824000248/q3fy24duolingo09-30x24shar.htm,observed_official,0.001,,S004,,,identity_or_unit_conversion,[]
2023-07-01,2023-09-30,2023,3,M009,105.9,USD million,quarterly_flow,global_company,S004,p.9; revenues by product type; Subscription; web lines 169,2026-09-30,identity; preserve published million-unit precision,$105.9,USD million,2024-11-06,https://www.sec.gov/Archives/edgar/data/1562088/000156208824000248/q3fy24duolingo09-30x24shar.htm,observed_official,0.1,,S004,,,identity_or_unit_conversion,[]
2023-10-01,2023-12-31,2023,4,M001,26.9,million users,daily_average,global_company,S005,p.11; Summary of Financial and Key Operating Metrics; DAU; web lines 153,2026-09-30,identity; preserve published million-unit precision,26.9,million users,2025-02-27,https://www.sec.gov/Archives/edgar/data/1562088/000156208825000039/q4fy24duolingo12-31x24shar.htm,observed_official,0.1,,S005,,,identity_or_unit_conversion,[]
2023-10-01,2023-12-31,2023,4,M002,88.4,million users,monthly_average,global_company,S005,p.11; Summary of Financial and Key Operating Metrics; MAU; web lines 152,2026-09-30,identity; preserve published million-unit precision,88.4,million users,2025-02-27,https://www.sec.gov/Archives/edgar/data/1562088/000156208825000039/q4fy24duolingo12-31x24shar.htm,observed_official,0.1,,S005,,,identity_or_unit_conversion,[]
2023-10-01,2023-12-31,2023,4,M004,6.6,million accounts,period_end_stock,global_company,S005,p.11; Summary of Financial and Key Operating Metrics; Paid subscribers; web lines 154,2026-09-30,identity; preserve published million-unit precision,6.6,million accounts,2025-02-27,https://www.sec.gov/Archives/edgar/data/1562088/000156208825000039/q4fy24duolingo12-31x24shar.htm,observed_official,0.1,,S005,,,identity_or_unit_conversion,[]
2023-10-01,2023-12-31,2023,4,M005,157.8,USD million,quarterly_flow,global_company,S005,p.11; Summary of Financial and Key Operating Metrics; Subscription bookings; web lines 159,2026-09-30,identity; preserve published million-unit precision,$157.8,USD million,2025-02-27,https://www.sec.gov/Archives/edgar/data/1562088/000156208825000039/q4fy24duolingo12-31x24shar.htm,observed_official,0.1,,S005,,,identity_or_unit_conversion,[]
2023-10-01,2023-12-31,2023,4,M006,191,USD million,quarterly_flow,global_company,S005,p.11; Summary of Financial and Key Operating Metrics; Total bookings; web lines 160,2026-09-30,identity; preserve published million-unit precision,$191.0,USD million,2025-02-27,https://www.sec.gov/Archives/edgar/data/1562088/000156208825000039/q4fy24duolingo12-31x24shar.htm,observed_official,0.1,,S005,,,identity_or_unit_conversion,[]
2023-10-01,2023-12-31,2023,4,M007,150.985,USD million,quarterly_flow,global_company,S005,p.21; condensed consolidated statements of operations; Revenues; three months ended; web lines 372,2026-09-30,raw USD thousands / 1000,"$150,985",USD thousand,2025-02-27,https://www.sec.gov/Archives/edgar/data/1562088/000156208825000039/q4fy24duolingo12-31x24shar.htm,observed_official,0.001,,S005,,,identity_or_unit_conversion,[]
2023-10-01,2023-12-31,2023,4,M009,117.5,USD million,quarterly_flow,global_company,S005,p.13; revenues by product type; Subscription; web lines 206,2026-09-30,identity; preserve published million-unit precision,$117.5,USD million,2025-02-27,https://www.sec.gov/Archives/edgar/data/1562088/000156208825000039/q4fy24duolingo12-31x24shar.htm,observed_official,0.1,,S005,,,identity_or_unit_conversion,[]
2024-01-01,2024-03-31,2024,1,M001,31.4,million users,daily_average,global_company,S006,p.9; Summary of Financial and Key Operating Metrics; DAU; web lines 145,2026-09-30,identity; preserve published million-unit precision,31.4,million users,2025-05-01,https://www.sec.gov/Archives/edgar/data/1562088/000156208825000098/q1fy25duolingo3-31x25share.htm,observed_official,0.1,,S006,,,identity_or_unit_conversion,[]
2024-01-01,2024-03-31,2024,1,M002,97.6,million users,monthly_average,global_company,S006,p.9; Summary of Financial and Key Operating Metrics; MAU; web lines 144,2026-09-30,identity; preserve published million-unit precision,97.6,million users,2025-05-01,https://www.sec.gov/Archives/edgar/data/1562088/000156208825000098/q1fy25duolingo3-31x25share.htm,observed_official,0.1,,S006,,,identity_or_unit_conversion,[]
2024-01-01,2024-03-31,2024,1,M004,7.4,million accounts,period_end_stock,global_company,S006,p.9; Summary of Financial and Key Operating Metrics; Paid subscribers; web lines 146,2026-09-30,identity; preserve published million-unit precision,7.4,million accounts,2025-05-01,https://www.sec.gov/Archives/edgar/data/1562088/000156208825000098/q1fy25duolingo3-31x25share.htm,observed_official,0.1,,S006,,,identity_or_unit_conversion,[]
2024-01-01,2024-03-31,2024,1,M005,161.5,USD million,quarterly_flow,global_company,S006,p.9; Summary of Financial and Key Operating Metrics; Subscription bookings; web lines 149,2026-09-30,identity; preserve published million-unit precision,$161.5,USD million,2025-05-01,https://www.sec.gov/Archives/edgar/data/1562088/000156208825000098/q1fy25duolingo3-31x25share.htm,observed_official,0.1,,S006,,,identity_or_unit_conversion,[]
2024-01-01,2024-03-31,2024,1,M006,197.5,USD million,quarterly_flow,global_company,S006,p.9; Summary of Financial and Key Operating Metrics; Total bookings; web lines 150,2026-09-30,identity; preserve published million-unit precision,$197.5,USD million,2025-05-01,https://www.sec.gov/Archives/edgar/data/1562088/000156208825000098/q1fy25duolingo3-31x25share.htm,observed_official,0.1,,S006,,,identity_or_unit_conversion,[]
2024-01-01,2024-03-31,2024,1,M007,167.553,USD million,quarterly_flow,global_company,S006,p.20; condensed consolidated statements of operations; Revenues; three months ended; web lines 377,2026-09-30,raw USD thousands / 1000,"$167,553",USD thousand,2025-05-01,https://www.sec.gov/Archives/edgar/data/1562088/000156208825000098/q1fy25duolingo3-31x25share.htm,observed_official,0.001,,S006,,,identity_or_unit_conversion,[]
2024-01-01,2024-03-31,2024,1,M009,131.7,USD million,quarterly_flow,global_company,S006,p.10; revenues by product type; Subscription; web lines 192,2026-09-30,identity; preserve published million-unit precision,$131.7,USD million,2025-05-01,https://www.sec.gov/Archives/edgar/data/1562088/000156208825000098/q1fy25duolingo3-31x25share.htm,observed_official,0.1,,S006,,,identity_or_unit_conversion,[]
2024-04-01,2024-06-30,2024,2,M001,34.1,million users,daily_average,global_company,S007,p.8; Summary of Financial and Key Operating Metrics; DAU; web lines 113,2026-09-30,identity; preserve published million-unit precision,34.1,million users,2025-08-06,https://www.sec.gov/Archives/edgar/data/1562088/000156208825000165/q2fy25duolingo6-30x25share.htm,observed_official,0.1,,S007,,,identity_or_unit_conversion,[]
2024-04-01,2024-06-30,2024,2,M002,103.6,million users,monthly_average,global_company,S007,p.8; Summary of Financial and Key Operating Metrics; MAU; web lines 112,2026-09-30,identity; preserve published million-unit precision,103.6,million users,2025-08-06,https://www.sec.gov/Archives/edgar/data/1562088/000156208825000165/q2fy25duolingo6-30x25share.htm,observed_official,0.1,,S007,,,identity_or_unit_conversion,[]
2024-04-01,2024-06-30,2024,2,M004,8,million accounts,period_end_stock,global_company,S007,p.8; Summary of Financial and Key Operating Metrics; Paid subscribers; web lines 114,2026-09-30,identity; preserve published million-unit precision,8.0,million accounts,2025-08-06,https://www.sec.gov/Archives/edgar/data/1562088/000156208825000165/q2fy25duolingo6-30x25share.htm,observed_official,0.1,,S007,,,identity_or_unit_conversion,[]
2024-04-01,2024-06-30,2024,2,M005,156.5,USD million,quarterly_flow,global_company,S007,p.8; Summary of Financial and Key Operating Metrics; Subscription bookings; web lines 117,2026-09-30,identity; preserve published million-unit precision,$156.5,USD million,2025-08-06,https://www.sec.gov/Archives/edgar/data/1562088/000156208825000165/q2fy25duolingo6-30x25share.htm,observed_official,0.1,,S007,,,identity_or_unit_conversion,[]
2024-04-01,2024-06-30,2024,2,M006,190.1,USD million,quarterly_flow,global_company,S007,p.8; Summary of Financial and Key Operating Metrics; Total bookings; web lines 118,2026-09-30,identity; preserve published million-unit precision,$190.1,USD million,2025-08-06,https://www.sec.gov/Archives/edgar/data/1562088/000156208825000165/q2fy25duolingo6-30x25share.htm,observed_official,0.1,,S007,,,identity_or_unit_conversion,[]
2024-04-01,2024-06-30,2024,2,M007,178.327,USD million,quarterly_flow,global_company,S007,p.16; condensed consolidated statements of operations; Revenues; three months ended; web lines 295,2026-09-30,raw USD thousands / 1000,"$178,327",USD thousand,2025-08-06,https://www.sec.gov/Archives/edgar/data/1562088/000156208825000165/q2fy25duolingo6-30x25share.htm,observed_official,0.001,,S007,,,identity_or_unit_conversion,[]
2024-04-01,2024-06-30,2024,2,M009,143.9,USD million,quarterly_flow,global_company,S007,p.8; Summary of Financial and Key Operating Metrics; Subscription revenue; web lines 123,2026-09-30,identity; preserve published million-unit precision,$143.9,USD million,2025-08-06,https://www.sec.gov/Archives/edgar/data/1562088/000156208825000165/q2fy25duolingo6-30x25share.htm,observed_official,0.1,,S007,,,identity_or_unit_conversion,[]
