period_end,fiscal_year,fiscal_quarter,comparison,baseline_period_end,dau_log_growth_points,mau_log_component_points,ratio_log_component_points,identity_residual_points,unit,scope,source_id,baseline_source_id,interpretation
2024-09-30,2024,3,yoy,2023-09-30,42.995612811646026,30.822768126067228,12.172844685578802,-3.552713678800501e-15,100 log growth points,global_company,S004,S004,Arithmetic identity; not causal contribution or percent share
2024-09-30,2024,3,qoq,2024-06-30,8.70113769896299,8.773505329669218,-0.07236763070621616,-1.226796442210798e-14,100 log growth points,global_company,S004,S007,Arithmetic identity; not causal contribution or percent share
2024-12-31,2024,4,yoy,2023-12-31,40.917568750470004,27.773456964891253,13.144111785578746,5.329070518200751e-15,100 log growth points,global_company,S005,S005,Arithmetic identity; not causal contribution or percent share
2024-12-31,2024,4,qoq,2024-09-30,8.49932128333925,3.133415617043566,5.365905666295686,-8.881784197001252e-16,100 log growth points,global_company,S005,S004,Arithmetic identity; not causal contribution or percent share
2025-03-31,2025,1,yoy,2024-03-31,39.47926482173926,28.81942363554221,10.659841186197042,3.552713678800501e-15,100 log growth points,global_company,S006,S006,Arithmetic identity; not causal contribution or percent share
2025-03-31,2025,1,qoq,2024-12-31,14.02985670191067,10.94651904819585,3.083337653714828,-6.661338147750939e-15,100 log growth points,global_company,S006,S005,Arithmetic identity; not causal contribution or percent share
2025-06-30,2025,2,yoy,2024-06-30,33.563401360482445,21.383394179620826,12.180007180861626,-7.105427357601002e-15,100 log growth points,global_company,S007,S007,Arithmetic identity; not causal contribution or percent share
2025-06-30,2025,2,qoq,2025-03-31,2.3330856762695267,-1.4700458152877967,3.8031314915573375,-1.4210854715202004e-14,100 log growth points,global_company,S007,S006,Arithmetic identity; not causal contribution or percent share
2025-09-30,2025,3,yoy,2024-09-30,30.566457500221322,17.922215205466777,12.644242294754548,-3.552713678800501e-15,100 log growth points,global_company,S008,S004,Arithmetic identity; not causal contribution or percent share
2025-09-30,2025,3,qoq,2025-06-30,5.704193838701853,5.312326355515153,0.39186748318670256,-2.609024107869118e-15,100 log growth points,global_company,S008,S007,Arithmetic identity; not causal contribution or percent share
2025-12-31,2025,4,yoy,2024-12-31,26.33134814348233,13.149418610855557,13.181929532626757,1.5987211554602254e-14,100 log growth points,global_company,S009,S005,Arithmetic identity; not causal contribution or percent share
2025-12-31,2025,4,qoq,2025-09-30,4.264211926600254,-1.6393809775676498,5.903592904167908,-4.440892098500626e-15,100 log growth points,global_company,S009,S008,Arithmetic identity; not causal contribution or percent share
2026-03-31,2026,1,yoy,2025-03-31,19.264009702079505,5.673162880508958,13.59084682157056,-1.2434497875801753e-14,100 log growth points,global_company,S010|S016,S006,Arithmetic identity; not causal contribution or percent share
2026-03-31,2026,1,qoq,2025-12-31,6.962518260507855,3.4702633178492386,3.4922549426586325,-1.6431300764452317e-14,100 log growth points,global_company,S010|S016,S009,Arithmetic identity; not causal contribution or percent share
2026-06-30,2026,2,yoy,2025-06-30,20.750832893975524,9.154770775497372,11.596062118478162,-1.0658141036401503e-14,100 log growth points,global_company,S002,S007,Arithmetic identity; not causal contribution or percent share
2026-06-30,2026,2,qoq,2026-03-31,3.819908868165548,2.0115620797006297,1.8083467884649418,-2.3314683517128287e-14,100 log growth points,global_company,S002,S010|S016,Arithmetic identity; not causal contribution or percent share
