event_id,event_date,event_date_precision,event_window_start,event_window_end,reported_on,feature,tier,platform,language_or_market,rollout_scope_text,claim_type,event_type,status,source_id,source_url,source_locator,accessed_on,limitation,event_date_basis
E2024Q3_01,2024Q3,quarter,2024-07-01,2024-09-30,2024-11-06,Video Call,Max,not specified,not specified,Q3宣布Video Call进入Max，支持与Lily对话。,official_product_announcement,product_disclosure,reported,S004,https://www.sec.gov/Archives/edgar/data/1562088/000156208824000248/q3fy24duolingo09-30x24shar.htm,p.5; Improving conversation skills with Video Call; web lines 84-86,2026-09-30,信中未给具体上线日；Q4信确认于Q3推出。,quarter
E2024Q3_02,2024-09-30,day,,,2024-11-06,Duolingo Max,Max,not specified; planned expansion primarily Android,not specified,Q3期末Max可购买范围约覆盖一半DAU。,official_qualitative_rollout,product_disclosure,reported,S004,https://www.sec.gov/Archives/edgar/data/1562088/000156208824000248/q3fy24duolingo09-30x24shar.htm,p.5; Video Call discussion; web line 89,2026-09-30,Max可购买资格；不是Video Call使用率，不转换为精确50%。,quarter_end
E2024Q3_03,,unknown,,,2024-11-06,Video Call,Max,not specified,not specified,披露时Video Call可供几乎全部Max订阅者使用。,official_qualitative_rollout,product_disclosure,reported,S004,https://www.sec.gov/Archives/edgar/data/1562088/000156208824000248/q3fy24duolingo09-30x24shar.htm,p.5; Video Call discussion; web line 89,2026-09-30,没有精确覆盖率；时点仅绑定披露日。,reported_snapshot
E2024Q4_01,,unknown,,,2025-02-27,Duolingo Max,Max,not specified,expanded countries and courses; not enumerated,披露时Max可购买范围已覆盖多数用户。,official_qualitative_rollout,product_disclosure,reported,S005,https://www.sec.gov/Archives/edgar/data/1562088/000156208825000039/q4fy24duolingo12-31x24shar.htm,p.6; Monetization; web line 97,2026-09-30,未给精确覆盖率；不能认定全部用户或全部课程。,reported_snapshot
E2024Q4_02,2024-12-31,day,,,2025-02-27,Duolingo Max,Max,not specified,global_company,年末Max占全部付费订阅者5%。,official_numeric_mix_disclosure,product_disclosure,reported,S005,https://www.sec.gov/Archives/edgar/data/1562088/000156208825000039/q4fy24duolingo12-31x24shar.htm,p.6; Monetization; web line 97,2026-09-30,整数披露；套餐存量占比，不是Video Call付费贡献或使用率。,year_end
E2025Q1_01,,unknown,,,2025-05-01,Video Call practice tab,Max,not specified,not specified,计划未来数月加入对话回顾和Lily语音信息。,official_product_plan,product_disclosure,planned,S006,https://www.sec.gov/Archives/edgar/data/1562088/000156208825000098/q1fy25duolingo3-31x25share.htm,p.6; Monetization and subscriber growth; web line 103,2026-09-30,计划；本信不能证明实际发布或覆盖。,planned_after_disclosure
E2025Q1_02,,unknown,,,2025-05-01,Video Call 3D experience,Max,not specified,not specified,公司正添加3D Lily、互动背景和动画。,official_product_development,product_disclosure,reported,S006,https://www.sec.gov/Archives/edgar/data/1562088/000156208825000098/q1fy25duolingo3-31x25share.htm,p.6; Monetization and subscriber growth; web lines 106-108,2026-09-30,无完整上线日与覆盖分母。,reported_development_snapshot
E2025Q2_01,,unknown,,,2025-08-06,Duolingo Max,Max,not specified,not specified,公司称Max在披露前不足一年完成铺开。,official_qualitative_rollout,product_disclosure,reported,S007,https://www.sec.gov/Archives/edgar/data/1562088/000156208825000165/q2fy25duolingo6-30x25share.htm,p.5; Monetization and subscriber growth; web line 74,2026-09-30,未定义全面铺开的平台、课程及市场边界；不推成全球100%。,retrospective_relative_date
E2025Q2_02,,unknown,,,2025-08-06,Video Call enhancements,Max,not specified,not specified,未来改进包括游戏化、互动背景及适合者更长通话。,official_product_plan,product_disclosure,planned,S007,https://www.sec.gov/Archives/edgar/data/1562088/000156208825000165/q2fy25duolingo6-30x25share.htm,p.5; Monetization and subscriber growth; web line 75,2026-09-30,计划；未给上线日、采用率或效果量。,planned_after_disclosure
LATE_E01,,unknown,,,2025-11-05,Video Call / Max,Max,not specified,not specified,公司披露已引入引导式Video Call，期待提升Max采用。,company_disclosed_event,product_disclosure,introduced_as_of_disclosure,S008,https://www.sec.gov/Archives/edgar/data/1562088/000162828025049514/q3fy25duolingo9-30x25share.htm,CEO函第5页Looking ahead，web L78,2026-09-30,不等于覆盖所有账户或已验证功能效果,CEO Q4展望使用已推出措辞；未给具体上线日
LATE_E02,,unknown,,,2026-02-26,Video Call / Super / Max,Super / Max,not specified,not specified,公司计划把Video Call纳入Super，并实验调整Max；约十倍可访问人群为公司预计。,company_disclosed_plan,product_disclosure,planned,S009,https://www.sec.gov/Archives/edgar/data/1562088/000162828026012246/q4fy25duolingo12-31x25shar.htm,CEO函第4页More Video Call，web L71–72,2026-09-30,无实际覆盖人数、完整推出日或功能级效果,未来时态；不是2025Q4已上线
LATE_E03,,unknown,,,2026-05-04,Video Call / Super,Super / Max,not specified,not specified,公司披露开始把Video Call扩展给Super订阅者；一年内每用户平均说词量逾翻倍是公司功能行为陈述。,company_disclosed_event,product_disclosure,rollout_started_as_of_disclosure,S010,https://www.sec.gov/Archives/edgar/data/1562088/000162828026029790/q1fy26duolingo3-31x26share.htm,CEO函第4页Speaking practice，web L61–62,2026-09-30,说词量口径、绝对值、分群与实验对照未披露；不得当学习或留存效果,披露正在开始扩展；未给准确日期或Q1内完成证据
S3E201,,unknown,,,2026-08-05,Video Call,Super new subscribers,not specified,not specified,Company says most new Super subscribers now have access; exact entitlement denominator not disclosed.,management_rollout_statement,entitlement,reported_current,S001,https://www.sec.gov/Archives/edgar/data/1562088/000162828026053299/q2fy26duolingo6-30x26share.htm,"Product discussion, shareholder letter p4",2026-09-30,,unknown
S3E202,,unknown,,,2026-08-05,Video Call,existing Super subscribers,not specified,not specified,Company expects access for existing Super subscribers later in 2026; this is a plan.,forward_looking_plan,entitlement,planned,S001,https://www.sec.gov/Archives/edgar/data/1562088/000162828026053299/q2fy26duolingo6-30x26share.htm,"Product discussion, shareholder letter p4",2026-09-30,,planned_2026
S3E203,2026-06,month,2026-06-01,2026-06-30,2026-08-05,Streak Revival,eligible learners,not specified,global company context,"June one-time campaign; 15.4m revived streaks, including nearly 8m without active streak at start. These are campaign participants, not incremental DAUs.",management_campaign_disclosure,alternative_explanation,reported_completed,S001,https://www.sec.gov/Archives/edgar/data/1562088/000162828026053299/q2fy26duolingo6-30x26share.htm,"Streak Revival discussion, shareholder letter p5",2026-09-30,,month
S3E204,,unknown,,,2026-08-05,CURR,current user DAUs,company app and website,global company context,Reported about 84%; aggregation window not specified. Not a Q2-period measurement or D30 retention.,management_kpi_snapshot,kpi_context,reported_snapshot,S001,https://www.sec.gov/Archives/edgar/data/1562088/000162828026053299/q2fy26duolingo6-30x26share.htm,"Product discussion, shareholder letter p4",2026-09-30,,unspecified_window
