policy_id,scenario_id,original_tier,horizon_days,currency,evidence_label,policy_status,population_id,denominator,scope,gain_rate_demo,loss_rate_demo,control_path_contribution_usd,treatment_path_contribution_usd,delta_non_ai_contribution_usd,control_service_minutes,treatment_service_minutes,offer_service_minutes,delta_service_minutes,control_ai_cost_usd,treatment_ai_cost_usd,unit_cost_demo_usd_per_service_minute,other_incremental_cost_usd,delta_ai_and_service_cost_usd,effective_offer_minutes,assigned_offer_attempts,fixed_cost_per_target_account_demo_usd,variable_contribution_usd_per_account,variable_contribution_usd_per_1000_normalized_accounts,net_contribution_usd_per_account_demo,net_sign_in_demo,real_economic_status,input_ref,boundary
P0,low,Free,90,USD,D_assumption_sensitivity,conditional_unverified_account_entitlements,H1_JP_English_existing_individual_iOS,all_originally_assigned_accounts_in_this_tier_including_zero_users,unchanged_by_D_assumption,0.0,0.0,0.9,0.9,0.0,0.48,0.48,0.0,0.0,0.0192,0.0192,0.04,0.0,0.0,0.0,0.0,0.0,0.0,0.0,0.0,zero,not_identified_no_overall_winner,quant/scenario_inputs.json,"D examples only; no empirical ROI, population total, tier weights or actual F/N"
P0,low,Super,90,USD,D_assumption_sensitivity,conditional_unverified_account_entitlements,H1_JP_English_existing_individual_iOS,all_originally_assigned_accounts_in_this_tier_including_zero_users,unchanged_by_D_assumption,0.0,0.0,11.250000000000002,11.250000000000002,0.0,1.0,1.0,0.0,0.0,0.04,0.04,0.04,0.0,0.0,0.0,0.0,0.0,0.0,0.0,0.0,zero,not_identified_no_overall_winner,quant/scenario_inputs.json,"D examples only; no empirical ROI, population total, tier weights or actual F/N"
P0,low,Max,90,USD,D_assumption_sensitivity,conditional_unverified_account_entitlements,H1_JP_English_existing_individual_iOS,all_originally_assigned_accounts_in_this_tier_including_zero_users,unchanged_by_D_assumption,0.0,0.0,21.200000000000003,21.200000000000003,0.0,16.6,16.6,0.0,0.0,0.664,0.664,0.04,0.0,0.0,0.0,0.0,0.0,0.0,0.0,0.0,zero,not_identified_no_overall_winner,quant/scenario_inputs.json,"D examples only; no empirical ROI, population total, tier weights or actual F/N"
P0,base,Free,90,USD,D_assumption_sensitivity,conditional_unverified_account_entitlements,H1_JP_English_existing_individual_iOS,all_originally_assigned_accounts_in_this_tier_including_zero_users,unchanged_by_D_assumption,0.0,0.0,0.9,0.9,0.0,0.48,0.48,0.0,0.0,0.0192,0.0192,0.04,0.0,0.0,0.0,0.0,0.0,0.0,0.0,0.0,zero,not_identified_no_overall_winner,quant/scenario_inputs.json,"D examples only; no empirical ROI, population total, tier weights or actual F/N"
P0,base,Super,90,USD,D_assumption_sensitivity,conditional_unverified_account_entitlements,H1_JP_English_existing_individual_iOS,all_originally_assigned_accounts_in_this_tier_including_zero_users,unchanged_by_D_assumption,0.0,0.0,11.250000000000002,11.250000000000002,0.0,1.0,1.0,0.0,0.0,0.04,0.04,0.04,0.0,0.0,0.0,0.0,0.0,0.0,0.0,0.0,zero,not_identified_no_overall_winner,quant/scenario_inputs.json,"D examples only; no empirical ROI, population total, tier weights or actual F/N"
P0,base,Max,90,USD,D_assumption_sensitivity,conditional_unverified_account_entitlements,H1_JP_English_existing_individual_iOS,all_originally_assigned_accounts_in_this_tier_including_zero_users,unchanged_by_D_assumption,0.0,0.0,21.200000000000003,21.200000000000003,0.0,16.6,16.6,0.0,0.0,0.664,0.664,0.04,0.0,0.0,0.0,0.0,0.0,0.0,0.0,0.0,zero,not_identified_no_overall_winner,quant/scenario_inputs.json,"D examples only; no empirical ROI, population total, tier weights or actual F/N"
P0,high,Free,90,USD,D_assumption_sensitivity,conditional_unverified_account_entitlements,H1_JP_English_existing_individual_iOS,all_originally_assigned_accounts_in_this_tier_including_zero_users,unchanged_by_D_assumption,0.0,0.0,0.9,0.9,0.0,0.48,0.48,0.0,0.0,0.0192,0.0192,0.04,0.0,0.0,0.0,0.0,0.0,0.0,0.0,0.0,zero,not_identified_no_overall_winner,quant/scenario_inputs.json,"D examples only; no empirical ROI, population total, tier weights or actual F/N"
P0,high,Super,90,USD,D_assumption_sensitivity,conditional_unverified_account_entitlements,H1_JP_English_existing_individual_iOS,all_originally_assigned_accounts_in_this_tier_including_zero_users,unchanged_by_D_assumption,0.0,0.0,11.250000000000002,11.250000000000002,0.0,1.0,1.0,0.0,0.0,0.04,0.04,0.04,0.0,0.0,0.0,0.0,0.0,0.0,0.0,0.0,zero,not_identified_no_overall_winner,quant/scenario_inputs.json,"D examples only; no empirical ROI, population total, tier weights or actual F/N"
P0,high,Max,90,USD,D_assumption_sensitivity,conditional_unverified_account_entitlements,H1_JP_English_existing_individual_iOS,all_originally_assigned_accounts_in_this_tier_including_zero_users,unchanged_by_D_assumption,0.0,0.0,21.200000000000003,21.200000000000003,0.0,16.6,16.6,0.0,0.0,0.664,0.664,0.04,0.0,0.0,0.0,0.0,0.0,0.0,0.0,0.0,zero,not_identified_no_overall_winner,quant/scenario_inputs.json,"D examples only; no empirical ROI, population total, tier weights or actual F/N"
P1,low,Free,90,USD,D_assumption_sensitivity,conditional_unverified_account_entitlements,H1_JP_English_existing_individual_iOS,all_originally_assigned_accounts_in_this_tier_including_zero_users,unchanged_by_D_assumption,0.0,0.0,0.9,0.9,0.0,0.48,0.48,0.0,0.0,0.0192,0.0192,0.04,0.0,0.0,0.0,0.0,0.0,0.0,0.0,0.0,zero,not_identified_no_overall_winner,quant/scenario_inputs.json,"D examples only; no empirical ROI, population total, tier weights or actual F/N"
P1,low,Super,90,USD,D_assumption_sensitivity,conditional_unverified_account_entitlements,H1_JP_English_existing_individual_iOS,all_originally_assigned_accounts_in_this_tier_including_zero_users,direct_target_D,0.02,0.004,11.250000000000002,11.382000000000001,0.13199999999999967,1.0,1.48875,0.56875,0.48875,0.04,0.05955,0.04,0.0,0.01955,0.39374999999999993,0.35,0.05,0.11244999999999968,112.44999999999968,0.06244999999999967,positive,not_identified_no_overall_winner,quant/scenario_inputs.json,"D examples only; no empirical ROI, population total, tier weights or actual F/N"
P1,low,Max,90,USD,D_assumption_sensitivity,conditional_unverified_account_entitlements,H1_JP_English_existing_individual_iOS,all_originally_assigned_accounts_in_this_tier_including_zero_users,hypothetical_spillover_D,0.0,0.003,21.200000000000003,21.17,-0.030000000000001137,16.6,16.552,0.0,-0.04800000000000182,0.664,0.66208,0.04,0.0,-0.001920000000000073,0.0,0.0,0.0,-0.028080000000001062,-28.080000000001064,-0.028080000000001062,negative,not_identified_no_overall_winner,quant/scenario_inputs.json,"D examples only; no empirical ROI, population total, tier weights or actual F/N"
P1,base,Free,90,USD,D_assumption_sensitivity,conditional_unverified_account_entitlements,H1_JP_English_existing_individual_iOS,all_originally_assigned_accounts_in_this_tier_including_zero_users,unchanged_by_D_assumption,0.0,0.0,0.9,0.9,0.0,0.48,0.48,0.0,0.0,0.0192,0.0192,0.04,0.0,0.0,0.0,0.0,0.0,0.0,0.0,0.0,zero,not_identified_no_overall_winner,quant/scenario_inputs.json,"D examples only; no empirical ROI, population total, tier weights or actual F/N"
P1,base,Super,90,USD,D_assumption_sensitivity,conditional_unverified_account_entitlements,H1_JP_English_existing_individual_iOS,all_originally_assigned_accounts_in_this_tier_including_zero_users,direct_target_D,0.04,0.01,11.250000000000002,11.49,0.23999999999999844,1.0,6.2315,5.4315,5.2315,0.04,0.24925999999999998,0.04,0.0,0.20926,4.335,2.04,0.05,0.030739999999998435,30.739999999998435,-0.019260000000001568,negative,not_identified_no_overall_winner,quant/scenario_inputs.json,"D examples only; no empirical ROI, population total, tier weights or actual F/N"
P1,base,Max,90,USD,D_assumption_sensitivity,conditional_unverified_account_entitlements,H1_JP_English_existing_individual_iOS,all_originally_assigned_accounts_in_this_tier_including_zero_users,hypothetical_spillover_D,0.0,0.006,21.200000000000003,21.14,-0.060000000000002274,16.6,16.504,0.0,-0.09600000000000009,0.664,0.6601600000000001,0.04,0.0,-0.0038400000000000036,0.0,0.0,0.0,-0.05616000000000227,-56.16000000000227,-0.05616000000000227,negative,not_identified_no_overall_winner,quant/scenario_inputs.json,"D examples only; no empirical ROI, population total, tier weights or actual F/N"
P1,high,Free,90,USD,D_assumption_sensitivity,conditional_unverified_account_entitlements,H1_JP_English_existing_individual_iOS,all_originally_assigned_accounts_in_this_tier_including_zero_users,unchanged_by_D_assumption,0.0,0.0,0.9,0.9,0.0,0.48,0.48,0.0,0.0,0.0192,0.0192,0.04,0.0,0.0,0.0,0.0,0.0,0.0,0.0,0.0,zero,not_identified_no_overall_winner,quant/scenario_inputs.json,"D examples only; no empirical ROI, population total, tier weights or actual F/N"
P1,high,Super,90,USD,D_assumption_sensitivity,conditional_unverified_account_entitlements,H1_JP_English_existing_individual_iOS,all_originally_assigned_accounts_in_this_tier_including_zero_users,direct_target_D,0.08,0.018,11.250000000000002,11.754,0.5039999999999978,1.0,26.358400000000003,25.718400000000003,25.358400000000003,0.04,1.0543360000000002,0.04,0.0,1.0143360000000001,22.0248,6.84,0.05,-0.5103360000000023,-510.33600000000234,-0.5603360000000024,negative,not_identified_no_overall_winner,quant/scenario_inputs.json,"D examples only; no empirical ROI, population total, tier weights or actual F/N"
P1,high,Max,90,USD,D_assumption_sensitivity,conditional_unverified_account_entitlements,H1_JP_English_existing_individual_iOS,all_originally_assigned_accounts_in_this_tier_including_zero_users,hypothetical_spillover_D,0.0,0.01,21.200000000000003,21.1,-0.10000000000000142,16.6,16.44,0.0,-0.16000000000000014,0.664,0.6576000000000001,0.04,0.0,-0.0064000000000000055,0.0,0.0,0.0,-0.09360000000000142,-93.60000000000142,-0.09360000000000142,negative,not_identified_no_overall_winner,quant/scenario_inputs.json,"D examples only; no empirical ROI, population total, tier weights or actual F/N"
P2,low,Free,90,USD,D_assumption_sensitivity,conditional_unverified_account_entitlements,H1_JP_English_existing_individual_iOS,all_originally_assigned_accounts_in_this_tier_including_zero_users,direct_target_D,0.005,0.002,0.9,0.9359999999999999,0.03599999999999992,0.48,0.752375,0.284375,0.27237500000000003,0.0192,0.030095,0.04,0.0,0.010895000000000002,0.19687499999999997,0.175,0.05,0.02510499999999992,25.10499999999992,-0.024895000000000084,negative,not_identified_no_overall_winner,quant/scenario_inputs.json,"D examples only; no empirical ROI, population total, tier weights or actual F/N"
P2,low,Super,90,USD,D_assumption_sensitivity,conditional_unverified_account_entitlements,H1_JP_English_existing_individual_iOS,all_originally_assigned_accounts_in_this_tier_including_zero_users,hypothetical_spillover_D,0.0,0.001,11.250000000000002,11.238,-0.012000000000002231,1.0,0.98,0.0,-0.020000000000000018,0.04,0.0392,0.04,0.0,-0.0008000000000000007,0.0,0.0,0.0,-0.01120000000000223,-11.20000000000223,-0.01120000000000223,negative,not_identified_no_overall_winner,quant/scenario_inputs.json,"D examples only; no empirical ROI, population total, tier weights or actual F/N"
P2,low,Max,90,USD,D_assumption_sensitivity,conditional_unverified_account_entitlements,H1_JP_English_existing_individual_iOS,all_originally_assigned_accounts_in_this_tier_including_zero_users,hypothetical_spillover_D,0.0,0.001,21.200000000000003,21.19,-0.010000000000001563,16.6,16.584,0.0,-0.01600000000000179,0.664,0.66336,0.04,0.0,-0.0006400000000000716,0.0,0.0,0.0,-0.009360000000001492,-9.360000000001492,-0.009360000000001492,negative,not_identified_no_overall_winner,quant/scenario_inputs.json,"D examples only; no empirical ROI, population total, tier weights or actual F/N"
P2,base,Free,90,USD,D_assumption_sensitivity,conditional_unverified_account_entitlements,H1_JP_English_existing_individual_iOS,all_originally_assigned_accounts_in_this_tier_including_zero_users,direct_target_D,0.015,0.004,0.9,1.032,0.132,0.48,2.2865,1.8105,1.8065000000000002,0.0192,0.09146000000000001,0.04,0.0,0.07226,1.4450000000000003,0.68,0.05,0.05974,59.74,0.009739999999999999,positive,not_identified_no_overall_winner,quant/scenario_inputs.json,"D examples only; no empirical ROI, population total, tier weights or actual F/N"
P2,base,Super,90,USD,D_assumption_sensitivity,conditional_unverified_account_entitlements,H1_JP_English_existing_individual_iOS,all_originally_assigned_accounts_in_this_tier_including_zero_users,hypothetical_spillover_D,0.0,0.002,11.250000000000002,11.226,-0.02400000000000091,1.0,0.96,0.0,-0.040000000000000036,0.04,0.0384,0.04,0.0,-0.0016000000000000014,0.0,0.0,0.0,-0.02240000000000091,-22.400000000000908,-0.02240000000000091,negative,not_identified_no_overall_winner,quant/scenario_inputs.json,"D examples only; no empirical ROI, population total, tier weights or actual F/N"
P2,base,Max,90,USD,D_assumption_sensitivity,conditional_unverified_account_entitlements,H1_JP_English_existing_individual_iOS,all_originally_assigned_accounts_in_this_tier_including_zero_users,hypothetical_spillover_D,0.0,0.002,21.200000000000003,21.18,-0.020000000000003126,16.6,16.568,0.0,-0.03200000000000003,0.664,0.6627200000000001,0.04,0.0,-0.0012800000000000012,0.0,0.0,0.0,-0.018720000000003127,-18.720000000003125,-0.018720000000003127,negative,not_identified_no_overall_winner,quant/scenario_inputs.json,"D examples only; no empirical ROI, population total, tier weights or actual F/N"
P2,high,Free,90,USD,D_assumption_sensitivity,conditional_unverified_account_entitlements,H1_JP_English_existing_individual_iOS,all_originally_assigned_accounts_in_this_tier_including_zero_users,direct_target_D,0.03,0.007,0.9,1.176,0.2759999999999999,0.48,9.060799999999999,8.572799999999999,8.580799999999998,0.0192,0.362432,0.04,0.0,0.3432319999999999,7.3416,2.28,0.05,-0.06723200000000001,-67.23200000000001,-0.11723200000000002,negative,not_identified_no_overall_winner,quant/scenario_inputs.json,"D examples only; no empirical ROI, population total, tier weights or actual F/N"
P2,high,Super,90,USD,D_assumption_sensitivity,conditional_unverified_account_entitlements,H1_JP_English_existing_individual_iOS,all_originally_assigned_accounts_in_this_tier_including_zero_users,hypothetical_spillover_D,0.0,0.004,11.250000000000002,11.202,-0.04800000000000182,1.0,0.9199999999999999,0.0,-0.08000000000000007,0.04,0.0368,0.04,0.0,-0.0032000000000000028,0.0,0.0,0.0,-0.04480000000000182,-44.800000000001816,-0.04480000000000182,negative,not_identified_no_overall_winner,quant/scenario_inputs.json,"D examples only; no empirical ROI, population total, tier weights or actual F/N"
P2,high,Max,90,USD,D_assumption_sensitivity,conditional_unverified_account_entitlements,H1_JP_English_existing_individual_iOS,all_originally_assigned_accounts_in_this_tier_including_zero_users,hypothetical_spillover_D,0.0,0.004,21.200000000000003,21.16,-0.0400000000000027,16.6,16.536,0.0,-0.06400000000000006,0.664,0.66144,0.04,0.0,-0.0025600000000000024,0.0,0.0,0.0,-0.0374400000000027,-37.4400000000027,-0.0374400000000027,negative,not_identified_no_overall_winner,quant/scenario_inputs.json,"D examples only; no empirical ROI, population total, tier weights or actual F/N"
