observation_id,question,evidence_type,source_id,source_url,source_publication_date,source_modified_date,coverage_period,access_date,observed_region,observed_device,account_scope,target_scope,source_locator,field,value,unit,comparability_status,limitation_code,billing_period,sku_id,individual_or_family,current_lily_call_quota
E01,Q1,A_official_rollout_claim,PEV2-S01/S001,https://www.sec.gov/Archives/edgar/data/1562088/000162828026053299/q2fy26duolingo6-30x26share.htm,2026-08-05,,disclosure-date rollout,2026-10-02,,,new_Super_subscribers,日本;日语L1;中级英语;iOS;个人账户,p4 Product; web line67,company_new_Super_access,majority_have_Video_Call,qualitative,not_target_account_verified,E01,,,,
E02,Q1,A_forward_looking_plan,PEV2-S01/S001,https://www.sec.gov/Archives/edgar/data/1562088/000162828026053299/q2fy26duolingo6-30x26share.htm,2026-08-05,,later_2026,2026-10-02,,,existing_Super_subscribers,日本;日语L1;中级英语;iOS;个人账户,p4 Product; web line67,company_existing_Super_rollout,expects_extension_later_2026,qualitative,plan_not_completion,E02,,,,
E03,Q1,A_historical_supply_description,PEV2-S02/S019,https://blog.duolingo.com/video-call/,2024-09-24,2025-01-15,,2026-10-02,,,Max_subscribers_in_listed_target_language_courses,日本;日语L1;中级英语;iOS;个人账户,Everything else you need to know; web line48,historical_Lily_call_allowance,unlimited_calls_described,calls,historical_description_not_current_contract,E03,,,,
E04,Q1,unknown_target_account_input,PEV2-S01/S001,https://www.sec.gov/Archives/edgar/data/1562088/000162828026053299/q2fy26duolingo6-30x26share.htm,2026-08-05,,,2026-10-02,,,Free,日本;日语L1;中级英语;iOS;个人账户,p4 monetization; web line69,current_target_Lily_eligibility_and_quota,,,unknown,E04,,,,
E05,Q1,unknown_target_account_input,PEV2-S01/S001,https://www.sec.gov/Archives/edgar/data/1562088/000162828026053299/q2fy26duolingo6-30x26share.htm,2026-08-05,,,2026-10-02,,,new_Super,日本;日语L1;中级英语;iOS;个人账户,p4 Product; web line67,current_target_Lily_eligibility_and_quota,,,unknown,E01,,,,
E06,Q1,unknown_target_account_input,PEV2-S01/S001,https://www.sec.gov/Archives/edgar/data/1562088/000162828026053299/q2fy26duolingo6-30x26share.htm,2026-08-05,,,2026-10-02,,,existing_Super,日本;日语L1;中级英语;iOS;个人账户,p4 Product; web line67,current_target_Lily_eligibility_and_quota,,,unknown,E02,,,,
E07,Q1,unknown_target_account_input,PEV2-S02/S019,https://blog.duolingo.com/video-call/,2024-09-24,2025-01-15,,2026-10-02,,,Max,日本;日语L1;中级英语;iOS;个人账户,Everything else you need to know; web line48,current_target_Lily_eligibility_and_quota,,,unknown,E03,,,,
P01,Q2,A_public_list_price_observation,PEV2-S03/S021,https://apps.apple.com/jp/app/id570060128,,,,2026-10-02,JP,iOS,,日本;日语L1;中级英语;iOS;个人账户,Information > In-app purchases; visible Super row 1; web line412,Super_visible_list_price,14200,JPY_per_unresolved_purchase_item,noncomparable,P01,,,,
P02,Q2,A_public_list_price_observation,PEV2-S03/S021,https://apps.apple.com/jp/app/id570060128,,,,2026-10-02,JP,iOS,,日本;日语L1;中级英语;iOS;个人账户,Information > In-app purchases; visible Super row 2; web line414,Super_visible_list_price,9900,JPY_per_unresolved_purchase_item,noncomparable,P01,,,,
P03,Q2,A_public_list_price_observation,PEV2-S03/S021,https://apps.apple.com/jp/app/id570060128,,,,2026-10-02,JP,iOS,,日本;日语L1;中级英语;iOS;个人账户,Information > In-app purchases; visible Super row 3; web line416,Super_visible_list_price,11400,JPY_per_unresolved_purchase_item,noncomparable,P01,,,,
P04,Q2,A_public_list_price_observation,PEV2-S03/S021,https://apps.apple.com/jp/app/id570060128,,,,2026-10-02,JP,iOS,,日本;日语L1;中级英语;iOS;个人账户,Information > In-app purchases; visible Super row 4; web line418,Super_visible_list_price,14200,JPY_per_unresolved_purchase_item,noncomparable,P01,,,,
P05,Q2,A_public_list_price_observation,PEV2-S03/S021,https://apps.apple.com/jp/app/id570060128,,,,2026-10-02,JP,iOS,,日本;日语L1;中级英语;iOS;个人账户,Information > In-app purchases; visible Super row 5; web line420,Super_visible_list_price,11400,JPY_per_unresolved_purchase_item,noncomparable,P01,,,,
P06,Q2,A_public_list_price_observation,PEV2-S03/S021,https://apps.apple.com/jp/app/id570060128,,,,2026-10-02,JP,iOS,,日本;日语L1;中级英语;iOS;个人账户,Information > In-app purchases; visible Super row 6; web line424,Super_visible_list_price,14200,JPY_per_unresolved_purchase_item,noncomparable,P01,,,,
P07,Q2,A_public_list_price_observation,PEV2-S03/S021,https://apps.apple.com/jp/app/id570060128,,,,2026-10-02,JP,iOS,,日本;日语L1;中级英语;iOS;个人账户,Information > In-app purchases; visible Super row 7; web line428,Super_visible_list_price,9900,JPY_per_unresolved_purchase_item,noncomparable,P01,,,,
P08,Q2,A_public_list_price_observation,PEV2-S03/S021,https://apps.apple.com/jp/app/id570060128,,,,2026-10-02,JP,iOS,,日本;日语L1;中级英语;iOS;个人账户,Information > In-app purchases; visible Super row 8; web line430,Super_visible_list_price,9900,JPY_per_unresolved_purchase_item,noncomparable,P01,,,,
P09,Q2,unknown_price_input,PEV2-S03/S021,https://apps.apple.com/jp/app/id570060128,,,,2026-10-02,JP,iOS,,日本;日语L1;中级英语;iOS;个人账户,Information > In-app purchases; web lines410-432,Max_same_channel_price,,JPY_per_unresolved_purchase_item,not_observed_in_readable_list,P02,,,,
R01,Q3,observed_access_result,PEV2-S04/S011,https://duolingo-papers.s3.amazonaws.com/reports/Duolingo_whitepaper_language_video_call_improves_speaking_2025.pdf,2025-06-24,,,2026-10-02,,,,日本;日语L1;中级英语;iOS;个人账户,direct official URL; PowerShell Invoke-WebRequest,direct_PDF_HTTP_status,403,HTTP_status,full_PDF_not_recovered,R01,,,,
R02,Q3,A_company_summary_of_same_study,PEV2-S05/S015,https://prtimes.jp/main/html/rd/p/000000066.000069537.html,2025-07-08,,30_day_intervention; exact_dates_unverified,2026-10-02,,,Japanese_L1;B1.1_English_course;18plus;never_Max_since_release;limited_external_English,日本;日语L1;中级英语;iOS;个人账户,Method and responses; web lines68-77,randomized_Video_Call_n,329,persons,same_study_not_independent_replication,R02,,,,
R03,Q3,A_company_summary_of_same_study,PEV2-S05/S015,https://prtimes.jp/main/html/rd/p/000000066.000069537.html,2025-07-08,,30_day_intervention; exact_dates_unverified,2026-10-02,,,Japanese_L1;B1.1_English_course;18plus;never_Max_since_release;limited_external_English,日本;日语L1;中级英语;iOS;个人账户,Method and responses; web lines68-77,randomized_Control_n,329,persons,same_study_not_independent_replication,R02,,,,
R04,Q3,A_company_summary_of_same_study,PEV2-S05/S015,https://prtimes.jp/main/html/rd/p/000000066.000069537.html,2025-07-08,,30_day_intervention; exact_dates_unverified,2026-10-02,,,Japanese_L1;B1.1_English_course;18plus;never_Max_since_release;limited_external_English,日本;日语L1;中级英语;iOS;个人账户,Responses; web line77,analysed_Video_Call_n,263,persons,same_study_not_independent_replication,R02,,,,
R05,Q3,A_company_summary_of_same_study,PEV2-S05/S015,https://prtimes.jp/main/html/rd/p/000000066.000069537.html,2025-07-08,,30_day_intervention; exact_dates_unverified,2026-10-02,,,Japanese_L1;B1.1_English_course;18plus;never_Max_since_release;limited_external_English,日本;日语L1;中级英语;iOS;个人账户,Responses; web line77,analysed_Control_n,304,persons,same_study_not_independent_replication,R02,,,,
R06,Q3,A_company_summary_of_same_study,PEV2-S05/S015,https://prtimes.jp/main/html/rd/p/000000066.000069537.html,2025-07-08,,30_day_intervention; exact_dates_unverified,2026-10-02,,,Japanese_L1;B1.1_English_course;18plus;never_Max_since_release;limited_external_English,日本;日语L1;中级英语;iOS;个人账户,Method; web line68,prescribed_intervention_duration,30,days,same_study_not_independent_replication,R02,,,,
R07,Q3,A_company_summary_of_same_study,PEV2-S05/S015,https://prtimes.jp/main/html/rd/p/000000066.000069537.html,2025-07-08,,30_day_intervention; exact_dates_unverified,2026-10-02,,,Japanese_L1;B1.1_English_course;18plus;never_Max_since_release;limited_external_English,日本;日语L1;中级英语;iOS;个人账户,Method; web line70,prescribed_Video_Call_min_daily_calls,2,calls_per_day,same_study_not_independent_replication,R02,,,,
R08,Q3,A_company_summary_of_same_study,PEV2-S05/S015,https://prtimes.jp/main/html/rd/p/000000066.000069537.html,2025-07-08,,30_day_intervention; exact_dates_unverified,2026-10-02,,,Japanese_L1;B1.1_English_course;18plus;never_Max_since_release;limited_external_English,日本;日语L1;中级英语;iOS;个人账户,Method; web line70,prescribed_Control_min_daily_lessons,1,lessons_per_day,same_study_not_independent_replication,R02,,,,
R09,Q3,A_official_PDF_index_excerpt,PEV2-S04/S011,https://duolingo-papers.s3.amazonaws.com/reports/Duolingo_whitepaper_language_video_call_improves_speaking_2025.pdf,2025-06-24,,30_day_intervention; exact_dates_unverified,2026-10-02,,,Japanese_L1;intermediate_English;analysed_completers,日本;日语L1;中级英语;iOS;个人账户,p7 Table2 and Figure4; official-URL search index,analysed_Control_Versant_pre_mean,22.01,Versant_speaking_score_points,selected_completers_not_full_ITT,R03,,,,
R10,Q3,A_official_PDF_index_excerpt,PEV2-S04/S011,https://duolingo-papers.s3.amazonaws.com/reports/Duolingo_whitepaper_language_video_call_improves_speaking_2025.pdf,2025-06-24,,30_day_intervention; exact_dates_unverified,2026-10-02,,,Japanese_L1;intermediate_English;analysed_completers,日本;日语L1;中级英语;iOS;个人账户,p7 Table2 and Figure4; official-URL search index,analysed_Control_Versant_post_mean,24.32,Versant_speaking_score_points,selected_completers_not_full_ITT,R03,,,,
R11,Q3,A_official_PDF_index_excerpt,PEV2-S04/S011,https://duolingo-papers.s3.amazonaws.com/reports/Duolingo_whitepaper_language_video_call_improves_speaking_2025.pdf,2025-06-24,,30_day_intervention; exact_dates_unverified,2026-10-02,,,Japanese_L1;intermediate_English;analysed_completers,日本;日语L1;中级英语;iOS;个人账户,p7 Table2 and Figure4; official-URL search index,analysed_Video_Call_Versant_pre_mean,21.94,Versant_speaking_score_points,selected_completers_not_full_ITT,R03,,,,
R12,Q3,A_official_PDF_index_excerpt,PEV2-S04/S011,https://duolingo-papers.s3.amazonaws.com/reports/Duolingo_whitepaper_language_video_call_improves_speaking_2025.pdf,2025-06-24,,30_day_intervention; exact_dates_unverified,2026-10-02,,,Japanese_L1;intermediate_English;analysed_completers,日本;日语L1;中级英语;iOS;个人账户,p7 Table2 and Figure4; official-URL search index,analysed_Video_Call_Versant_post_mean,25.26,Versant_speaking_score_points,selected_completers_not_full_ITT,R03,,,,
