policy_id,original_tier,horizon_days,gain_rate_demo,loss_rate_demo,unit_cost_demo_usd_per_service_minute,delta_non_ai_contribution_usd,delta_service_minutes,delta_ai_and_service_cost_usd,fixed_cost_per_target_account_demo_usd,net_contribution_usd_per_account_demo,net_sign_in_demo,evidence_label,input_ref,boundary
P1,Super,90,0.0,0.0,0.0,0.0,5.4315,0.0,0.05,-0.05,negative,D_assumption_sensitivity,quant/scenario_inputs.json,"D examples only; no empirical ROI, population total, tier weights or actual F/N"
P1,Super,90,0.0,0.0,0.02,0.0,5.4315,0.10863,0.05,-0.15863,negative,D_assumption_sensitivity,quant/scenario_inputs.json,"D examples only; no empirical ROI, population total, tier weights or actual F/N"
P1,Super,90,0.0,0.0,0.04,0.0,5.4315,0.21726,0.05,-0.26726,negative,D_assumption_sensitivity,quant/scenario_inputs.json,"D examples only; no empirical ROI, population total, tier weights or actual F/N"
P1,Super,90,0.0,0.0,0.06,0.0,5.4315,0.32588999999999996,0.05,-0.37588999999999995,negative,D_assumption_sensitivity,quant/scenario_inputs.json,"D examples only; no empirical ROI, population total, tier weights or actual F/N"
P1,Super,90,0.0,0.0,0.1,0.0,5.4315,0.54315,0.05,-0.5931500000000001,negative,D_assumption_sensitivity,quant/scenario_inputs.json,"D examples only; no empirical ROI, population total, tier weights or actual F/N"
P1,Super,90,0.0,0.003,0.0,-0.036000000000001364,5.371499999999999,0.0,0.05,-0.08600000000000137,negative,D_assumption_sensitivity,quant/scenario_inputs.json,"D examples only; no empirical ROI, population total, tier weights or actual F/N"
P1,Super,90,0.0,0.003,0.02,-0.036000000000001364,5.371499999999999,0.10742999999999998,0.05,-0.19343000000000132,negative,D_assumption_sensitivity,quant/scenario_inputs.json,"D examples only; no empirical ROI, population total, tier weights or actual F/N"
P1,Super,90,0.0,0.003,0.04,-0.036000000000001364,5.371499999999999,0.21485999999999997,0.05,-0.3008600000000013,negative,D_assumption_sensitivity,quant/scenario_inputs.json,"D examples only; no empirical ROI, population total, tier weights or actual F/N"
P1,Super,90,0.0,0.003,0.06,-0.036000000000001364,5.371499999999999,0.32228999999999997,0.05,-0.4082900000000013,negative,D_assumption_sensitivity,quant/scenario_inputs.json,"D examples only; no empirical ROI, population total, tier weights or actual F/N"
P1,Super,90,0.0,0.003,0.1,-0.036000000000001364,5.371499999999999,0.5371499999999999,0.05,-0.6231500000000013,negative,D_assumption_sensitivity,quant/scenario_inputs.json,"D examples only; no empirical ROI, population total, tier weights or actual F/N"
P1,Super,90,0.0,0.006,0.0,-0.07200000000000095,5.3115,0.0,0.05,-0.12200000000000095,negative,D_assumption_sensitivity,quant/scenario_inputs.json,"D examples only; no empirical ROI, population total, tier weights or actual F/N"
P1,Super,90,0.0,0.006,0.02,-0.07200000000000095,5.3115,0.10622999999999999,0.05,-0.22823000000000093,negative,D_assumption_sensitivity,quant/scenario_inputs.json,"D examples only; no empirical ROI, population total, tier weights or actual F/N"
P1,Super,90,0.0,0.006,0.04,-0.07200000000000095,5.3115,0.21245999999999998,0.05,-0.3344600000000009,negative,D_assumption_sensitivity,quant/scenario_inputs.json,"D examples only; no empirical ROI, population total, tier weights or actual F/N"
P1,Super,90,0.0,0.006,0.06,-0.07200000000000095,5.3115,0.31869,0.05,-0.4406900000000009,negative,D_assumption_sensitivity,quant/scenario_inputs.json,"D examples only; no empirical ROI, population total, tier weights or actual F/N"
P1,Super,90,0.0,0.006,0.1,-0.07200000000000095,5.3115,0.53115,0.05,-0.653150000000001,negative,D_assumption_sensitivity,quant/scenario_inputs.json,"D examples only; no empirical ROI, population total, tier weights or actual F/N"
P1,Super,90,0.0,0.012,0.0,-0.1440000000000019,5.1915,0.0,0.05,-0.1940000000000019,negative,D_assumption_sensitivity,quant/scenario_inputs.json,"D examples only; no empirical ROI, population total, tier weights or actual F/N"
P1,Super,90,0.0,0.012,0.02,-0.1440000000000019,5.1915,0.10382999999999999,0.05,-0.29783000000000187,negative,D_assumption_sensitivity,quant/scenario_inputs.json,"D examples only; no empirical ROI, population total, tier weights or actual F/N"
P1,Super,90,0.0,0.012,0.04,-0.1440000000000019,5.1915,0.20765999999999998,0.05,-0.40166000000000185,negative,D_assumption_sensitivity,quant/scenario_inputs.json,"D examples only; no empirical ROI, population total, tier weights or actual F/N"
P1,Super,90,0.0,0.012,0.06,-0.1440000000000019,5.1915,0.31149,0.05,-0.5054900000000019,negative,D_assumption_sensitivity,quant/scenario_inputs.json,"D examples only; no empirical ROI, population total, tier weights or actual F/N"
P1,Super,90,0.0,0.012,0.1,-0.1440000000000019,5.1915,0.51915,0.05,-0.713150000000002,negative,D_assumption_sensitivity,quant/scenario_inputs.json,"D examples only; no empirical ROI, population total, tier weights or actual F/N"
P1,Super,90,0.0,0.018,0.0,-0.21600000000000108,5.0714999999999995,0.0,0.05,-0.26600000000000107,negative,D_assumption_sensitivity,quant/scenario_inputs.json,"D examples only; no empirical ROI, population total, tier weights or actual F/N"
P1,Super,90,0.0,0.018,0.02,-0.21600000000000108,5.0714999999999995,0.10142999999999999,0.05,-0.3674300000000011,negative,D_assumption_sensitivity,quant/scenario_inputs.json,"D examples only; no empirical ROI, population total, tier weights or actual F/N"
P1,Super,90,0.0,0.018,0.04,-0.21600000000000108,5.0714999999999995,0.20285999999999998,0.05,-0.46886000000000105,negative,D_assumption_sensitivity,quant/scenario_inputs.json,"D examples only; no empirical ROI, population total, tier weights or actual F/N"
P1,Super,90,0.0,0.018,0.06,-0.21600000000000108,5.0714999999999995,0.30428999999999995,0.05,-0.5702900000000011,negative,D_assumption_sensitivity,quant/scenario_inputs.json,"D examples only; no empirical ROI, population total, tier weights or actual F/N"
P1,Super,90,0.0,0.018,0.1,-0.21600000000000108,5.0714999999999995,0.50715,0.05,-0.7731500000000011,negative,D_assumption_sensitivity,quant/scenario_inputs.json,"D examples only; no empirical ROI, population total, tier weights or actual F/N"
P1,Super,90,0.0,0.03,0.0,-0.3600000000000012,4.8315,0.0,0.05,-0.4100000000000012,negative,D_assumption_sensitivity,quant/scenario_inputs.json,"D examples only; no empirical ROI, population total, tier weights or actual F/N"
P1,Super,90,0.0,0.03,0.02,-0.3600000000000012,4.8315,0.09663000000000001,0.05,-0.5066300000000012,negative,D_assumption_sensitivity,quant/scenario_inputs.json,"D examples only; no empirical ROI, population total, tier weights or actual F/N"
P1,Super,90,0.0,0.03,0.04,-0.3600000000000012,4.8315,0.19326000000000002,0.05,-0.6032600000000012,negative,D_assumption_sensitivity,quant/scenario_inputs.json,"D examples only; no empirical ROI, population total, tier weights or actual F/N"
P1,Super,90,0.0,0.03,0.06,-0.3600000000000012,4.8315,0.28989,0.05,-0.6998900000000012,negative,D_assumption_sensitivity,quant/scenario_inputs.json,"D examples only; no empirical ROI, population total, tier weights or actual F/N"
P1,Super,90,0.0,0.03,0.1,-0.3600000000000012,4.8315,0.48315,0.05,-0.8931500000000012,negative,D_assumption_sensitivity,quant/scenario_inputs.json,"D examples only; no empirical ROI, population total, tier weights or actual F/N"
P1,Super,90,0.01,0.0,0.0,0.08999999999999808,5.4315,0.0,0.05,0.03999999999999808,positive,D_assumption_sensitivity,quant/scenario_inputs.json,"D examples only; no empirical ROI, population total, tier weights or actual F/N"
P1,Super,90,0.01,0.0,0.02,0.08999999999999808,5.4315,0.10863,0.05,-0.06863000000000193,negative,D_assumption_sensitivity,quant/scenario_inputs.json,"D examples only; no empirical ROI, population total, tier weights or actual F/N"
P1,Super,90,0.01,0.0,0.04,0.08999999999999808,5.4315,0.21726,0.05,-0.17726000000000192,negative,D_assumption_sensitivity,quant/scenario_inputs.json,"D examples only; no empirical ROI, population total, tier weights or actual F/N"
P1,Super,90,0.01,0.0,0.06,0.08999999999999808,5.4315,0.32588999999999996,0.05,-0.28589000000000186,negative,D_assumption_sensitivity,quant/scenario_inputs.json,"D examples only; no empirical ROI, population total, tier weights or actual F/N"
P1,Super,90,0.01,0.0,0.1,0.08999999999999808,5.4315,0.54315,0.05,-0.503150000000002,negative,D_assumption_sensitivity,quant/scenario_inputs.json,"D examples only; no empirical ROI, population total, tier weights or actual F/N"
P1,Super,90,0.01,0.003,0.0,0.053999999999998494,5.371499999999999,0.0,0.05,0.003999999999998491,positive,D_assumption_sensitivity,quant/scenario_inputs.json,"D examples only; no empirical ROI, population total, tier weights or actual F/N"
P1,Super,90,0.01,0.003,0.02,0.053999999999998494,5.371499999999999,0.10742999999999998,0.05,-0.10343000000000149,negative,D_assumption_sensitivity,quant/scenario_inputs.json,"D examples only; no empirical ROI, population total, tier weights or actual F/N"
P1,Super,90,0.01,0.003,0.04,0.053999999999998494,5.371499999999999,0.21485999999999997,0.05,-0.2108600000000015,negative,D_assumption_sensitivity,quant/scenario_inputs.json,"D examples only; no empirical ROI, population total, tier weights or actual F/N"
P1,Super,90,0.01,0.003,0.06,0.053999999999998494,5.371499999999999,0.32228999999999997,0.05,-0.31829000000000146,negative,D_assumption_sensitivity,quant/scenario_inputs.json,"D examples only; no empirical ROI, population total, tier weights or actual F/N"
P1,Super,90,0.01,0.003,0.1,0.053999999999998494,5.371499999999999,0.5371499999999999,0.05,-0.5331500000000015,negative,D_assumption_sensitivity,quant/scenario_inputs.json,"D examples only; no empirical ROI, population total, tier weights or actual F/N"
P1,Super,90,0.01,0.006,0.0,0.017999999999998906,5.3115,0.0,0.05,-0.0320000000000011,negative,D_assumption_sensitivity,quant/scenario_inputs.json,"D examples only; no empirical ROI, population total, tier weights or actual F/N"
P1,Super,90,0.01,0.006,0.02,0.017999999999998906,5.3115,0.10622999999999999,0.05,-0.13823000000000107,negative,D_assumption_sensitivity,quant/scenario_inputs.json,"D examples only; no empirical ROI, population total, tier weights or actual F/N"
P1,Super,90,0.01,0.006,0.04,0.017999999999998906,5.3115,0.21245999999999998,0.05,-0.24446000000000107,negative,D_assumption_sensitivity,quant/scenario_inputs.json,"D examples only; no empirical ROI, population total, tier weights or actual F/N"
P1,Super,90,0.01,0.006,0.06,0.017999999999998906,5.3115,0.31869,0.05,-0.35069000000000106,negative,D_assumption_sensitivity,quant/scenario_inputs.json,"D examples only; no empirical ROI, population total, tier weights or actual F/N"
P1,Super,90,0.01,0.006,0.1,0.017999999999998906,5.3115,0.53115,0.05,-0.5631500000000011,negative,D_assumption_sensitivity,quant/scenario_inputs.json,"D examples only; no empirical ROI, population total, tier weights or actual F/N"
P1,Super,90,0.01,0.012,0.0,-0.05400000000000027,5.1915,0.0,0.05,-0.10400000000000027,negative,D_assumption_sensitivity,quant/scenario_inputs.json,"D examples only; no empirical ROI, population total, tier weights or actual F/N"
P1,Super,90,0.01,0.012,0.02,-0.05400000000000027,5.1915,0.10382999999999999,0.05,-0.20783000000000024,negative,D_assumption_sensitivity,quant/scenario_inputs.json,"D examples only; no empirical ROI, population total, tier weights or actual F/N"
P1,Super,90,0.01,0.012,0.04,-0.05400000000000027,5.1915,0.20765999999999998,0.05,-0.3116600000000002,negative,D_assumption_sensitivity,quant/scenario_inputs.json,"D examples only; no empirical ROI, population total, tier weights or actual F/N"
P1,Super,90,0.01,0.012,0.06,-0.05400000000000027,5.1915,0.31149,0.05,-0.41549000000000025,negative,D_assumption_sensitivity,quant/scenario_inputs.json,"D examples only; no empirical ROI, population total, tier weights or actual F/N"
P1,Super,90,0.01,0.012,0.1,-0.05400000000000027,5.1915,0.51915,0.05,-0.6231500000000003,negative,D_assumption_sensitivity,quant/scenario_inputs.json,"D examples only; no empirical ROI, population total, tier weights or actual F/N"
P1,Super,90,0.01,0.018,0.0,-0.12600000000000122,5.0714999999999995,0.0,0.05,-0.1760000000000012,negative,D_assumption_sensitivity,quant/scenario_inputs.json,"D examples only; no empirical ROI, population total, tier weights or actual F/N"
P1,Super,90,0.01,0.018,0.02,-0.12600000000000122,5.0714999999999995,0.10142999999999999,0.05,-0.27743000000000123,negative,D_assumption_sensitivity,quant/scenario_inputs.json,"D examples only; no empirical ROI, population total, tier weights or actual F/N"
P1,Super,90,0.01,0.018,0.04,-0.12600000000000122,5.0714999999999995,0.20285999999999998,0.05,-0.3788600000000012,negative,D_assumption_sensitivity,quant/scenario_inputs.json,"D examples only; no empirical ROI, population total, tier weights or actual F/N"
P1,Super,90,0.01,0.018,0.06,-0.12600000000000122,5.0714999999999995,0.30428999999999995,0.05,-0.48029000000000116,negative,D_assumption_sensitivity,quant/scenario_inputs.json,"D examples only; no empirical ROI, population total, tier weights or actual F/N"
P1,Super,90,0.01,0.018,0.1,-0.12600000000000122,5.0714999999999995,0.50715,0.05,-0.6831500000000013,negative,D_assumption_sensitivity,quant/scenario_inputs.json,"D examples only; no empirical ROI, population total, tier weights or actual F/N"
P1,Super,90,0.01,0.03,0.0,-0.2699999999999996,4.8315,0.0,0.05,-0.31999999999999956,negative,D_assumption_sensitivity,quant/scenario_inputs.json,"D examples only; no empirical ROI, population total, tier weights or actual F/N"
P1,Super,90,0.01,0.03,0.02,-0.2699999999999996,4.8315,0.09663000000000001,0.05,-0.41662999999999956,negative,D_assumption_sensitivity,quant/scenario_inputs.json,"D examples only; no empirical ROI, population total, tier weights or actual F/N"
P1,Super,90,0.01,0.03,0.04,-0.2699999999999996,4.8315,0.19326000000000002,0.05,-0.5132599999999996,negative,D_assumption_sensitivity,quant/scenario_inputs.json,"D examples only; no empirical ROI, population total, tier weights or actual F/N"
P1,Super,90,0.01,0.03,0.06,-0.2699999999999996,4.8315,0.28989,0.05,-0.6098899999999996,negative,D_assumption_sensitivity,quant/scenario_inputs.json,"D examples only; no empirical ROI, population total, tier weights or actual F/N"
P1,Super,90,0.01,0.03,0.1,-0.2699999999999996,4.8315,0.48315,0.05,-0.8031499999999996,negative,D_assumption_sensitivity,quant/scenario_inputs.json,"D examples only; no empirical ROI, population total, tier weights or actual F/N"
P1,Super,90,0.02,0.0,0.0,0.17999999999999794,5.4315,0.0,0.05,0.12999999999999795,positive,D_assumption_sensitivity,quant/scenario_inputs.json,"D examples only; no empirical ROI, population total, tier weights or actual F/N"
P1,Super,90,0.02,0.0,0.02,0.17999999999999794,5.4315,0.10863,0.05,0.021369999999997932,positive,D_assumption_sensitivity,quant/scenario_inputs.json,"D examples only; no empirical ROI, population total, tier weights or actual F/N"
P1,Super,90,0.02,0.0,0.04,0.17999999999999794,5.4315,0.21726,0.05,-0.08726000000000207,negative,D_assumption_sensitivity,quant/scenario_inputs.json,"D examples only; no empirical ROI, population total, tier weights or actual F/N"
P1,Super,90,0.02,0.0,0.06,0.17999999999999794,5.4315,0.32588999999999996,0.05,-0.195890000000002,negative,D_assumption_sensitivity,quant/scenario_inputs.json,"D examples only; no empirical ROI, population total, tier weights or actual F/N"
P1,Super,90,0.02,0.0,0.1,0.17999999999999794,5.4315,0.54315,0.05,-0.41315000000000207,negative,D_assumption_sensitivity,quant/scenario_inputs.json,"D examples only; no empirical ROI, population total, tier weights or actual F/N"
P1,Super,90,0.02,0.003,0.0,0.14400000000000013,5.371499999999999,0.0,0.05,0.09400000000000013,positive,D_assumption_sensitivity,quant/scenario_inputs.json,"D examples only; no empirical ROI, population total, tier weights or actual F/N"
P1,Super,90,0.02,0.003,0.02,0.14400000000000013,5.371499999999999,0.10742999999999998,0.05,-0.013429999999999859,negative,D_assumption_sensitivity,quant/scenario_inputs.json,"D examples only; no empirical ROI, population total, tier weights or actual F/N"
P1,Super,90,0.02,0.003,0.04,0.14400000000000013,5.371499999999999,0.21485999999999997,0.05,-0.12085999999999984,negative,D_assumption_sensitivity,quant/scenario_inputs.json,"D examples only; no empirical ROI, population total, tier weights or actual F/N"
P1,Super,90,0.02,0.003,0.06,0.14400000000000013,5.371499999999999,0.32228999999999997,0.05,-0.22828999999999983,negative,D_assumption_sensitivity,quant/scenario_inputs.json,"D examples only; no empirical ROI, population total, tier weights or actual F/N"
P1,Super,90,0.02,0.003,0.1,0.14400000000000013,5.371499999999999,0.5371499999999999,0.05,-0.44314999999999977,negative,D_assumption_sensitivity,quant/scenario_inputs.json,"D examples only; no empirical ROI, population total, tier weights or actual F/N"
P1,Super,90,0.02,0.006,0.0,0.10799999999999876,5.3115,0.0,0.05,0.05799999999999876,positive,D_assumption_sensitivity,quant/scenario_inputs.json,"D examples only; no empirical ROI, population total, tier weights or actual F/N"
P1,Super,90,0.02,0.006,0.02,0.10799999999999876,5.3115,0.10622999999999999,0.05,-0.04823000000000123,negative,D_assumption_sensitivity,quant/scenario_inputs.json,"D examples only; no empirical ROI, population total, tier weights or actual F/N"
P1,Super,90,0.02,0.006,0.04,0.10799999999999876,5.3115,0.21245999999999998,0.05,-0.1544600000000012,negative,D_assumption_sensitivity,quant/scenario_inputs.json,"D examples only; no empirical ROI, population total, tier weights or actual F/N"
P1,Super,90,0.02,0.006,0.06,0.10799999999999876,5.3115,0.31869,0.05,-0.2606900000000012,negative,D_assumption_sensitivity,quant/scenario_inputs.json,"D examples only; no empirical ROI, population total, tier weights or actual F/N"
P1,Super,90,0.02,0.006,0.1,0.10799999999999876,5.3115,0.53115,0.05,-0.47315000000000124,negative,D_assumption_sensitivity,quant/scenario_inputs.json,"D examples only; no empirical ROI, population total, tier weights or actual F/N"
P1,Super,90,0.02,0.012,0.0,0.03599999999999959,5.1915,0.0,0.05,-0.014000000000000415,negative,D_assumption_sensitivity,quant/scenario_inputs.json,"D examples only; no empirical ROI, population total, tier weights or actual F/N"
P1,Super,90,0.02,0.012,0.02,0.03599999999999959,5.1915,0.10382999999999999,0.05,-0.1178300000000004,negative,D_assumption_sensitivity,quant/scenario_inputs.json,"D examples only; no empirical ROI, population total, tier weights or actual F/N"
P1,Super,90,0.02,0.012,0.04,0.03599999999999959,5.1915,0.20765999999999998,0.05,-0.2216600000000004,negative,D_assumption_sensitivity,quant/scenario_inputs.json,"D examples only; no empirical ROI, population total, tier weights or actual F/N"
P1,Super,90,0.02,0.012,0.06,0.03599999999999959,5.1915,0.31149,0.05,-0.3254900000000004,negative,D_assumption_sensitivity,quant/scenario_inputs.json,"D examples only; no empirical ROI, population total, tier weights or actual F/N"
P1,Super,90,0.02,0.012,0.1,0.03599999999999959,5.1915,0.51915,0.05,-0.5331500000000005,negative,D_assumption_sensitivity,quant/scenario_inputs.json,"D examples only; no empirical ROI, population total, tier weights or actual F/N"
P1,Super,90,0.02,0.018,0.0,-0.036000000000001364,5.0714999999999995,0.0,0.05,-0.08600000000000137,negative,D_assumption_sensitivity,quant/scenario_inputs.json,"D examples only; no empirical ROI, population total, tier weights or actual F/N"
P1,Super,90,0.02,0.018,0.02,-0.036000000000001364,5.0714999999999995,0.10142999999999999,0.05,-0.18743000000000137,negative,D_assumption_sensitivity,quant/scenario_inputs.json,"D examples only; no empirical ROI, population total, tier weights or actual F/N"
P1,Super,90,0.02,0.018,0.04,-0.036000000000001364,5.0714999999999995,0.20285999999999998,0.05,-0.28886000000000134,negative,D_assumption_sensitivity,quant/scenario_inputs.json,"D examples only; no empirical ROI, population total, tier weights or actual F/N"
P1,Super,90,0.02,0.018,0.06,-0.036000000000001364,5.0714999999999995,0.30428999999999995,0.05,-0.3902900000000013,negative,D_assumption_sensitivity,quant/scenario_inputs.json,"D examples only; no empirical ROI, population total, tier weights or actual F/N"
P1,Super,90,0.02,0.018,0.1,-0.036000000000001364,5.0714999999999995,0.50715,0.05,-0.5931500000000014,negative,D_assumption_sensitivity,quant/scenario_inputs.json,"D examples only; no empirical ROI, population total, tier weights or actual F/N"
P1,Super,90,0.02,0.03,0.0,-0.1800000000000015,4.8315,0.0,0.05,-0.23000000000000148,negative,D_assumption_sensitivity,quant/scenario_inputs.json,"D examples only; no empirical ROI, population total, tier weights or actual F/N"
P1,Super,90,0.02,0.03,0.02,-0.1800000000000015,4.8315,0.09663000000000001,0.05,-0.3266300000000015,negative,D_assumption_sensitivity,quant/scenario_inputs.json,"D examples only; no empirical ROI, population total, tier weights or actual F/N"
P1,Super,90,0.02,0.03,0.04,-0.1800000000000015,4.8315,0.19326000000000002,0.05,-0.42326000000000147,negative,D_assumption_sensitivity,quant/scenario_inputs.json,"D examples only; no empirical ROI, population total, tier weights or actual F/N"
P1,Super,90,0.02,0.03,0.06,-0.1800000000000015,4.8315,0.28989,0.05,-0.5198900000000015,negative,D_assumption_sensitivity,quant/scenario_inputs.json,"D examples only; no empirical ROI, population total, tier weights or actual F/N"
P1,Super,90,0.02,0.03,0.1,-0.1800000000000015,4.8315,0.48315,0.05,-0.7131500000000015,negative,D_assumption_sensitivity,quant/scenario_inputs.json,"D examples only; no empirical ROI, population total, tier weights or actual F/N"
P1,Super,90,0.04,0.0,0.0,0.35999999999999943,5.4315,0.0,0.05,0.30999999999999944,positive,D_assumption_sensitivity,quant/scenario_inputs.json,"D examples only; no empirical ROI, population total, tier weights or actual F/N"
P1,Super,90,0.04,0.0,0.02,0.35999999999999943,5.4315,0.10863,0.05,0.20136999999999944,positive,D_assumption_sensitivity,quant/scenario_inputs.json,"D examples only; no empirical ROI, population total, tier weights or actual F/N"
P1,Super,90,0.04,0.0,0.04,0.35999999999999943,5.4315,0.21726,0.05,0.09273999999999942,positive,D_assumption_sensitivity,quant/scenario_inputs.json,"D examples only; no empirical ROI, population total, tier weights or actual F/N"
P1,Super,90,0.04,0.0,0.06,0.35999999999999943,5.4315,0.32588999999999996,0.05,-0.01589000000000053,negative,D_assumption_sensitivity,quant/scenario_inputs.json,"D examples only; no empirical ROI, population total, tier weights or actual F/N"
P1,Super,90,0.04,0.0,0.1,0.35999999999999943,5.4315,0.54315,0.05,-0.23315000000000058,negative,D_assumption_sensitivity,quant/scenario_inputs.json,"D examples only; no empirical ROI, population total, tier weights or actual F/N"
P1,Super,90,0.04,0.003,0.0,0.32399999999999984,5.371499999999999,0.0,0.05,0.27399999999999985,positive,D_assumption_sensitivity,quant/scenario_inputs.json,"D examples only; no empirical ROI, population total, tier weights or actual F/N"
P1,Super,90,0.04,0.003,0.02,0.32399999999999984,5.371499999999999,0.10742999999999998,0.05,0.16656999999999988,positive,D_assumption_sensitivity,quant/scenario_inputs.json,"D examples only; no empirical ROI, population total, tier weights or actual F/N"
P1,Super,90,0.04,0.003,0.04,0.32399999999999984,5.371499999999999,0.21485999999999997,0.05,0.05913999999999987,positive,D_assumption_sensitivity,quant/scenario_inputs.json,"D examples only; no empirical ROI, population total, tier weights or actual F/N"
P1,Super,90,0.04,0.003,0.06,0.32399999999999984,5.371499999999999,0.32228999999999997,0.05,-0.048290000000000124,negative,D_assumption_sensitivity,quant/scenario_inputs.json,"D examples only; no empirical ROI, population total, tier weights or actual F/N"
P1,Super,90,0.04,0.003,0.1,0.32399999999999984,5.371499999999999,0.5371499999999999,0.05,-0.26315000000000005,negative,D_assumption_sensitivity,quant/scenario_inputs.json,"D examples only; no empirical ROI, population total, tier weights or actual F/N"
P1,Super,90,0.04,0.006,0.0,0.2879999999999985,5.3115,0.0,0.05,0.2379999999999985,positive,D_assumption_sensitivity,quant/scenario_inputs.json,"D examples only; no empirical ROI, population total, tier weights or actual F/N"
P1,Super,90,0.04,0.006,0.02,0.2879999999999985,5.3115,0.10622999999999999,0.05,0.1317699999999985,positive,D_assumption_sensitivity,quant/scenario_inputs.json,"D examples only; no empirical ROI, population total, tier weights or actual F/N"
P1,Super,90,0.04,0.006,0.04,0.2879999999999985,5.3115,0.21245999999999998,0.05,0.025539999999998494,positive,D_assumption_sensitivity,quant/scenario_inputs.json,"D examples only; no empirical ROI, population total, tier weights or actual F/N"
P1,Super,90,0.04,0.006,0.06,0.2879999999999985,5.3115,0.31869,0.05,-0.0806900000000015,negative,D_assumption_sensitivity,quant/scenario_inputs.json,"D examples only; no empirical ROI, population total, tier weights or actual F/N"
P1,Super,90,0.04,0.006,0.1,0.2879999999999985,5.3115,0.53115,0.05,-0.2931500000000015,negative,D_assumption_sensitivity,quant/scenario_inputs.json,"D examples only; no empirical ROI, population total, tier weights or actual F/N"
P1,Super,90,0.04,0.012,0.0,0.2159999999999993,5.1915,0.0,0.05,0.16599999999999931,positive,D_assumption_sensitivity,quant/scenario_inputs.json,"D examples only; no empirical ROI, population total, tier weights or actual F/N"
P1,Super,90,0.04,0.012,0.02,0.2159999999999993,5.1915,0.10382999999999999,0.05,0.06216999999999931,positive,D_assumption_sensitivity,quant/scenario_inputs.json,"D examples only; no empirical ROI, population total, tier weights or actual F/N"
P1,Super,90,0.04,0.012,0.04,0.2159999999999993,5.1915,0.20765999999999998,0.05,-0.04166000000000068,negative,D_assumption_sensitivity,quant/scenario_inputs.json,"D examples only; no empirical ROI, population total, tier weights or actual F/N"
P1,Super,90,0.04,0.012,0.06,0.2159999999999993,5.1915,0.31149,0.05,-0.14549000000000067,negative,D_assumption_sensitivity,quant/scenario_inputs.json,"D examples only; no empirical ROI, population total, tier weights or actual F/N"
P1,Super,90,0.04,0.012,0.1,0.2159999999999993,5.1915,0.51915,0.05,-0.3531500000000007,negative,D_assumption_sensitivity,quant/scenario_inputs.json,"D examples only; no empirical ROI, population total, tier weights or actual F/N"
P1,Super,90,0.04,0.018,0.0,0.14400000000000013,5.0714999999999995,0.0,0.05,0.09400000000000013,positive,D_assumption_sensitivity,quant/scenario_inputs.json,"D examples only; no empirical ROI, population total, tier weights or actual F/N"
P1,Super,90,0.04,0.018,0.02,0.14400000000000013,5.0714999999999995,0.10142999999999999,0.05,-0.007429999999999867,negative,D_assumption_sensitivity,quant/scenario_inputs.json,"D examples only; no empirical ROI, population total, tier weights or actual F/N"
P1,Super,90,0.04,0.018,0.04,0.14400000000000013,5.0714999999999995,0.20285999999999998,0.05,-0.10885999999999986,negative,D_assumption_sensitivity,quant/scenario_inputs.json,"D examples only; no empirical ROI, population total, tier weights or actual F/N"
P1,Super,90,0.04,0.018,0.06,0.14400000000000013,5.0714999999999995,0.30428999999999995,0.05,-0.2102899999999998,negative,D_assumption_sensitivity,quant/scenario_inputs.json,"D examples only; no empirical ROI, population total, tier weights or actual F/N"
P1,Super,90,0.04,0.018,0.1,0.14400000000000013,5.0714999999999995,0.50715,0.05,-0.41314999999999985,negative,D_assumption_sensitivity,quant/scenario_inputs.json,"D examples only; no empirical ROI, population total, tier weights or actual F/N"
P1,Super,90,0.04,0.03,0.0,0.0,4.8315,0.0,0.05,-0.05,negative,D_assumption_sensitivity,quant/scenario_inputs.json,"D examples only; no empirical ROI, population total, tier weights or actual F/N"
P1,Super,90,0.04,0.03,0.02,0.0,4.8315,0.09663000000000001,0.05,-0.14663,negative,D_assumption_sensitivity,quant/scenario_inputs.json,"D examples only; no empirical ROI, population total, tier weights or actual F/N"
P1,Super,90,0.04,0.03,0.04,0.0,4.8315,0.19326000000000002,0.05,-0.24326000000000003,negative,D_assumption_sensitivity,quant/scenario_inputs.json,"D examples only; no empirical ROI, population total, tier weights or actual F/N"
P1,Super,90,0.04,0.03,0.06,0.0,4.8315,0.28989,0.05,-0.33988999999999997,negative,D_assumption_sensitivity,quant/scenario_inputs.json,"D examples only; no empirical ROI, population total, tier weights or actual F/N"
P1,Super,90,0.04,0.03,0.1,0.0,4.8315,0.48315,0.05,-0.53315,negative,D_assumption_sensitivity,quant/scenario_inputs.json,"D examples only; no empirical ROI, population total, tier weights or actual F/N"
P1,Super,90,0.08,0.0,0.0,0.7199999999999989,5.4315,0.0,0.05,0.6699999999999988,positive,D_assumption_sensitivity,quant/scenario_inputs.json,"D examples only; no empirical ROI, population total, tier weights or actual F/N"
P1,Super,90,0.08,0.0,0.02,0.7199999999999989,5.4315,0.10863,0.05,0.5613699999999988,positive,D_assumption_sensitivity,quant/scenario_inputs.json,"D examples only; no empirical ROI, population total, tier weights or actual F/N"
P1,Super,90,0.08,0.0,0.04,0.7199999999999989,5.4315,0.21726,0.05,0.45273999999999887,positive,D_assumption_sensitivity,quant/scenario_inputs.json,"D examples only; no empirical ROI, population total, tier weights or actual F/N"
P1,Super,90,0.08,0.0,0.06,0.7199999999999989,5.4315,0.32588999999999996,0.05,0.3441099999999989,positive,D_assumption_sensitivity,quant/scenario_inputs.json,"D examples only; no empirical ROI, population total, tier weights or actual F/N"
P1,Super,90,0.08,0.0,0.1,0.7199999999999989,5.4315,0.54315,0.05,0.12684999999999885,positive,D_assumption_sensitivity,quant/scenario_inputs.json,"D examples only; no empirical ROI, population total, tier weights or actual F/N"
P1,Super,90,0.08,0.003,0.0,0.6839999999999993,5.371499999999999,0.0,0.05,0.6339999999999992,positive,D_assumption_sensitivity,quant/scenario_inputs.json,"D examples only; no empirical ROI, population total, tier weights or actual F/N"
P1,Super,90,0.08,0.003,0.02,0.6839999999999993,5.371499999999999,0.10742999999999998,0.05,0.5265699999999992,positive,D_assumption_sensitivity,quant/scenario_inputs.json,"D examples only; no empirical ROI, population total, tier weights or actual F/N"
P1,Super,90,0.08,0.003,0.04,0.6839999999999993,5.371499999999999,0.21485999999999997,0.05,0.41913999999999935,positive,D_assumption_sensitivity,quant/scenario_inputs.json,"D examples only; no empirical ROI, population total, tier weights or actual F/N"
P1,Super,90,0.08,0.003,0.06,0.6839999999999993,5.371499999999999,0.32228999999999997,0.05,0.3117099999999993,positive,D_assumption_sensitivity,quant/scenario_inputs.json,"D examples only; no empirical ROI, population total, tier weights or actual F/N"
P1,Super,90,0.08,0.003,0.1,0.6839999999999993,5.371499999999999,0.5371499999999999,0.05,0.09684999999999937,positive,D_assumption_sensitivity,quant/scenario_inputs.json,"D examples only; no empirical ROI, population total, tier weights or actual F/N"
P1,Super,90,0.08,0.006,0.0,0.6479999999999979,5.3115,0.0,0.05,0.5979999999999979,positive,D_assumption_sensitivity,quant/scenario_inputs.json,"D examples only; no empirical ROI, population total, tier weights or actual F/N"
P1,Super,90,0.08,0.006,0.02,0.6479999999999979,5.3115,0.10622999999999999,0.05,0.4917699999999979,positive,D_assumption_sensitivity,quant/scenario_inputs.json,"D examples only; no empirical ROI, population total, tier weights or actual F/N"
P1,Super,90,0.08,0.006,0.04,0.6479999999999979,5.3115,0.21245999999999998,0.05,0.38553999999999794,positive,D_assumption_sensitivity,quant/scenario_inputs.json,"D examples only; no empirical ROI, population total, tier weights or actual F/N"
P1,Super,90,0.08,0.006,0.06,0.6479999999999979,5.3115,0.31869,0.05,0.27930999999999795,positive,D_assumption_sensitivity,quant/scenario_inputs.json,"D examples only; no empirical ROI, population total, tier weights or actual F/N"
P1,Super,90,0.08,0.006,0.1,0.6479999999999979,5.3115,0.53115,0.05,0.0668499999999979,positive,D_assumption_sensitivity,quant/scenario_inputs.json,"D examples only; no empirical ROI, population total, tier weights or actual F/N"
P1,Super,90,0.08,0.012,0.0,0.5759999999999987,5.1915,0.0,0.05,0.5259999999999987,positive,D_assumption_sensitivity,quant/scenario_inputs.json,"D examples only; no empirical ROI, population total, tier weights or actual F/N"
P1,Super,90,0.08,0.012,0.02,0.5759999999999987,5.1915,0.10382999999999999,0.05,0.42216999999999877,positive,D_assumption_sensitivity,quant/scenario_inputs.json,"D examples only; no empirical ROI, population total, tier weights or actual F/N"
P1,Super,90,0.08,0.012,0.04,0.5759999999999987,5.1915,0.20765999999999998,0.05,0.3183399999999988,positive,D_assumption_sensitivity,quant/scenario_inputs.json,"D examples only; no empirical ROI, population total, tier weights or actual F/N"
P1,Super,90,0.08,0.012,0.06,0.5759999999999987,5.1915,0.31149,0.05,0.21450999999999876,positive,D_assumption_sensitivity,quant/scenario_inputs.json,"D examples only; no empirical ROI, population total, tier weights or actual F/N"
P1,Super,90,0.08,0.012,0.1,0.5759999999999987,5.1915,0.51915,0.05,0.006849999999998732,positive,D_assumption_sensitivity,quant/scenario_inputs.json,"D examples only; no empirical ROI, population total, tier weights or actual F/N"
P1,Super,90,0.08,0.018,0.0,0.5039999999999978,5.0714999999999995,0.0,0.05,0.4539999999999978,positive,D_assumption_sensitivity,quant/scenario_inputs.json,"D examples only; no empirical ROI, population total, tier weights or actual F/N"
P1,Super,90,0.08,0.018,0.02,0.5039999999999978,5.0714999999999995,0.10142999999999999,0.05,0.3525699999999978,positive,D_assumption_sensitivity,quant/scenario_inputs.json,"D examples only; no empirical ROI, population total, tier weights or actual F/N"
P1,Super,90,0.08,0.018,0.04,0.5039999999999978,5.0714999999999995,0.20285999999999998,0.05,0.2511399999999978,positive,D_assumption_sensitivity,quant/scenario_inputs.json,"D examples only; no empirical ROI, population total, tier weights or actual F/N"
P1,Super,90,0.08,0.018,0.06,0.5039999999999978,5.0714999999999995,0.30428999999999995,0.05,0.14970999999999784,positive,D_assumption_sensitivity,quant/scenario_inputs.json,"D examples only; no empirical ROI, population total, tier weights or actual F/N"
P1,Super,90,0.08,0.018,0.1,0.5039999999999978,5.0714999999999995,0.50715,0.05,-0.05315000000000221,negative,D_assumption_sensitivity,quant/scenario_inputs.json,"D examples only; no empirical ROI, population total, tier weights or actual F/N"
P1,Super,90,0.08,0.03,0.0,0.35999999999999766,4.8315,0.0,0.05,0.30999999999999767,positive,D_assumption_sensitivity,quant/scenario_inputs.json,"D examples only; no empirical ROI, population total, tier weights or actual F/N"
P1,Super,90,0.08,0.03,0.02,0.35999999999999766,4.8315,0.09663000000000001,0.05,0.21336999999999767,positive,D_assumption_sensitivity,quant/scenario_inputs.json,"D examples only; no empirical ROI, population total, tier weights or actual F/N"
P1,Super,90,0.08,0.03,0.04,0.35999999999999766,4.8315,0.19326000000000002,0.05,0.11673999999999764,positive,D_assumption_sensitivity,quant/scenario_inputs.json,"D examples only; no empirical ROI, population total, tier weights or actual F/N"
P1,Super,90,0.08,0.03,0.06,0.35999999999999766,4.8315,0.28989,0.05,0.02010999999999767,positive,D_assumption_sensitivity,quant/scenario_inputs.json,"D examples only; no empirical ROI, population total, tier weights or actual F/N"
P1,Super,90,0.08,0.03,0.1,0.35999999999999766,4.8315,0.48315,0.05,-0.17315000000000236,negative,D_assumption_sensitivity,quant/scenario_inputs.json,"D examples only; no empirical ROI, population total, tier weights or actual F/N"
P1,Super,90,0.15,0.0,0.0,1.3499999999999996,5.4315,0.0,0.05,1.2999999999999996,positive,D_assumption_sensitivity,quant/scenario_inputs.json,"D examples only; no empirical ROI, population total, tier weights or actual F/N"
P1,Super,90,0.15,0.0,0.02,1.3499999999999996,5.4315,0.10863,0.05,1.1913699999999996,positive,D_assumption_sensitivity,quant/scenario_inputs.json,"D examples only; no empirical ROI, population total, tier weights or actual F/N"
P1,Super,90,0.15,0.0,0.04,1.3499999999999996,5.4315,0.21726,0.05,1.0827399999999996,positive,D_assumption_sensitivity,quant/scenario_inputs.json,"D examples only; no empirical ROI, population total, tier weights or actual F/N"
P1,Super,90,0.15,0.0,0.06,1.3499999999999996,5.4315,0.32588999999999996,0.05,0.9741099999999996,positive,D_assumption_sensitivity,quant/scenario_inputs.json,"D examples only; no empirical ROI, population total, tier weights or actual F/N"
P1,Super,90,0.15,0.0,0.1,1.3499999999999996,5.4315,0.54315,0.05,0.7568499999999996,positive,D_assumption_sensitivity,quant/scenario_inputs.json,"D examples only; no empirical ROI, population total, tier weights or actual F/N"
P1,Super,90,0.15,0.003,0.0,1.3139999999999983,5.371499999999999,0.0,0.05,1.2639999999999982,positive,D_assumption_sensitivity,quant/scenario_inputs.json,"D examples only; no empirical ROI, population total, tier weights or actual F/N"
P1,Super,90,0.15,0.003,0.02,1.3139999999999983,5.371499999999999,0.10742999999999998,0.05,1.1565699999999983,positive,D_assumption_sensitivity,quant/scenario_inputs.json,"D examples only; no empirical ROI, population total, tier weights or actual F/N"
P1,Super,90,0.15,0.003,0.04,1.3139999999999983,5.371499999999999,0.21485999999999997,0.05,1.0491399999999982,positive,D_assumption_sensitivity,quant/scenario_inputs.json,"D examples only; no empirical ROI, population total, tier weights or actual F/N"
P1,Super,90,0.15,0.003,0.06,1.3139999999999983,5.371499999999999,0.32228999999999997,0.05,0.9417099999999983,positive,D_assumption_sensitivity,quant/scenario_inputs.json,"D examples only; no empirical ROI, population total, tier weights or actual F/N"
P1,Super,90,0.15,0.003,0.1,1.3139999999999983,5.371499999999999,0.5371499999999999,0.05,0.7268499999999983,positive,D_assumption_sensitivity,quant/scenario_inputs.json,"D examples only; no empirical ROI, population total, tier weights or actual F/N"
P1,Super,90,0.15,0.006,0.0,1.2780000000000005,5.3115,0.0,0.05,1.2280000000000004,positive,D_assumption_sensitivity,quant/scenario_inputs.json,"D examples only; no empirical ROI, population total, tier weights or actual F/N"
P1,Super,90,0.15,0.006,0.02,1.2780000000000005,5.3115,0.10622999999999999,0.05,1.1217700000000004,positive,D_assumption_sensitivity,quant/scenario_inputs.json,"D examples only; no empirical ROI, population total, tier weights or actual F/N"
P1,Super,90,0.15,0.006,0.04,1.2780000000000005,5.3115,0.21245999999999998,0.05,1.0155400000000003,positive,D_assumption_sensitivity,quant/scenario_inputs.json,"D examples only; no empirical ROI, population total, tier weights or actual F/N"
P1,Super,90,0.15,0.006,0.06,1.2780000000000005,5.3115,0.31869,0.05,0.9093100000000005,positive,D_assumption_sensitivity,quant/scenario_inputs.json,"D examples only; no empirical ROI, population total, tier weights or actual F/N"
P1,Super,90,0.15,0.006,0.1,1.2780000000000005,5.3115,0.53115,0.05,0.6968500000000004,positive,D_assumption_sensitivity,quant/scenario_inputs.json,"D examples only; no empirical ROI, population total, tier weights or actual F/N"
P1,Super,90,0.15,0.012,0.0,1.2059999999999995,5.1915,0.0,0.05,1.1559999999999995,positive,D_assumption_sensitivity,quant/scenario_inputs.json,"D examples only; no empirical ROI, population total, tier weights or actual F/N"
P1,Super,90,0.15,0.012,0.02,1.2059999999999995,5.1915,0.10382999999999999,0.05,1.0521699999999994,positive,D_assumption_sensitivity,quant/scenario_inputs.json,"D examples only; no empirical ROI, population total, tier weights or actual F/N"
P1,Super,90,0.15,0.012,0.04,1.2059999999999995,5.1915,0.20765999999999998,0.05,0.9483399999999995,positive,D_assumption_sensitivity,quant/scenario_inputs.json,"D examples only; no empirical ROI, population total, tier weights or actual F/N"
P1,Super,90,0.15,0.012,0.06,1.2059999999999995,5.1915,0.31149,0.05,0.8445099999999994,positive,D_assumption_sensitivity,quant/scenario_inputs.json,"D examples only; no empirical ROI, population total, tier weights or actual F/N"
P1,Super,90,0.15,0.012,0.1,1.2059999999999995,5.1915,0.51915,0.05,0.6368499999999995,positive,D_assumption_sensitivity,quant/scenario_inputs.json,"D examples only; no empirical ROI, population total, tier weights or actual F/N"
P1,Super,90,0.15,0.018,0.0,1.1340000000000003,5.0714999999999995,0.0,0.05,1.0840000000000003,positive,D_assumption_sensitivity,quant/scenario_inputs.json,"D examples only; no empirical ROI, population total, tier weights or actual F/N"
P1,Super,90,0.15,0.018,0.02,1.1340000000000003,5.0714999999999995,0.10142999999999999,0.05,0.9825700000000004,positive,D_assumption_sensitivity,quant/scenario_inputs.json,"D examples only; no empirical ROI, population total, tier weights or actual F/N"
P1,Super,90,0.15,0.018,0.04,1.1340000000000003,5.0714999999999995,0.20285999999999998,0.05,0.8811400000000003,positive,D_assumption_sensitivity,quant/scenario_inputs.json,"D examples only; no empirical ROI, population total, tier weights or actual F/N"
P1,Super,90,0.15,0.018,0.06,1.1340000000000003,5.0714999999999995,0.30428999999999995,0.05,0.7797100000000003,positive,D_assumption_sensitivity,quant/scenario_inputs.json,"D examples only; no empirical ROI, population total, tier weights or actual F/N"
P1,Super,90,0.15,0.018,0.1,1.1340000000000003,5.0714999999999995,0.50715,0.05,0.5768500000000003,positive,D_assumption_sensitivity,quant/scenario_inputs.json,"D examples only; no empirical ROI, population total, tier weights or actual F/N"
P1,Super,90,0.15,0.03,0.0,0.9900000000000002,4.8315,0.0,0.05,0.9400000000000002,positive,D_assumption_sensitivity,quant/scenario_inputs.json,"D examples only; no empirical ROI, population total, tier weights or actual F/N"
P1,Super,90,0.15,0.03,0.02,0.9900000000000002,4.8315,0.09663000000000001,0.05,0.8433700000000002,positive,D_assumption_sensitivity,quant/scenario_inputs.json,"D examples only; no empirical ROI, population total, tier weights or actual F/N"
P1,Super,90,0.15,0.03,0.04,0.9900000000000002,4.8315,0.19326000000000002,0.05,0.7467400000000002,positive,D_assumption_sensitivity,quant/scenario_inputs.json,"D examples only; no empirical ROI, population total, tier weights or actual F/N"
P1,Super,90,0.15,0.03,0.06,0.9900000000000002,4.8315,0.28989,0.05,0.6501100000000002,positive,D_assumption_sensitivity,quant/scenario_inputs.json,"D examples only; no empirical ROI, population total, tier weights or actual F/N"
P1,Super,90,0.15,0.03,0.1,0.9900000000000002,4.8315,0.48315,0.05,0.45685000000000026,positive,D_assumption_sensitivity,quant/scenario_inputs.json,"D examples only; no empirical ROI, population total, tier weights or actual F/N"
P2,Free,90,0.0,0.0,0.0,0.0,1.8104999999999998,0.0,0.05,-0.05,negative,D_assumption_sensitivity,quant/scenario_inputs.json,"D examples only; no empirical ROI, population total, tier weights or actual F/N"
P2,Free,90,0.0,0.0,0.02,0.0,1.8104999999999998,0.03621,0.05,-0.08621000000000001,negative,D_assumption_sensitivity,quant/scenario_inputs.json,"D examples only; no empirical ROI, population total, tier weights or actual F/N"
P2,Free,90,0.0,0.0,0.04,0.0,1.8104999999999998,0.07242,0.05,-0.12242,negative,D_assumption_sensitivity,quant/scenario_inputs.json,"D examples only; no empirical ROI, population total, tier weights or actual F/N"
P2,Free,90,0.0,0.0,0.06,0.0,1.8104999999999998,0.10862999999999998,0.05,-0.15863,negative,D_assumption_sensitivity,quant/scenario_inputs.json,"D examples only; no empirical ROI, population total, tier weights or actual F/N"
P2,Free,90,0.0,0.0,0.1,0.0,1.8104999999999998,0.18105,0.05,-0.23104999999999998,negative,D_assumption_sensitivity,quant/scenario_inputs.json,"D examples only; no empirical ROI, population total, tier weights or actual F/N"
P2,Free,90,0.0,0.002,0.0,-0.02399999999999991,1.7785000000000002,0.0,0.05,-0.07399999999999991,negative,D_assumption_sensitivity,quant/scenario_inputs.json,"D examples only; no empirical ROI, population total, tier weights or actual F/N"
P2,Free,90,0.0,0.002,0.02,-0.02399999999999991,1.7785000000000002,0.035570000000000004,0.05,-0.10956999999999992,negative,D_assumption_sensitivity,quant/scenario_inputs.json,"D examples only; no empirical ROI, population total, tier weights or actual F/N"
P2,Free,90,0.0,0.002,0.04,-0.02399999999999991,1.7785000000000002,0.07114000000000001,0.05,-0.14513999999999994,negative,D_assumption_sensitivity,quant/scenario_inputs.json,"D examples only; no empirical ROI, population total, tier weights or actual F/N"
P2,Free,90,0.0,0.002,0.06,-0.02399999999999991,1.7785000000000002,0.10671000000000001,0.05,-0.18070999999999993,negative,D_assumption_sensitivity,quant/scenario_inputs.json,"D examples only; no empirical ROI, population total, tier weights or actual F/N"
P2,Free,90,0.0,0.002,0.1,-0.02399999999999991,1.7785000000000002,0.17785000000000004,0.05,-0.25184999999999996,negative,D_assumption_sensitivity,quant/scenario_inputs.json,"D examples only; no empirical ROI, population total, tier weights or actual F/N"
P2,Free,90,0.0,0.004,0.0,-0.04799999999999993,1.7465000000000002,0.0,0.05,-0.09799999999999993,negative,D_assumption_sensitivity,quant/scenario_inputs.json,"D examples only; no empirical ROI, population total, tier weights or actual F/N"
P2,Free,90,0.0,0.004,0.02,-0.04799999999999993,1.7465000000000002,0.03493,0.05,-0.13292999999999994,negative,D_assumption_sensitivity,quant/scenario_inputs.json,"D examples only; no empirical ROI, population total, tier weights or actual F/N"
P2,Free,90,0.0,0.004,0.04,-0.04799999999999993,1.7465000000000002,0.06986,0.05,-0.16785999999999995,negative,D_assumption_sensitivity,quant/scenario_inputs.json,"D examples only; no empirical ROI, population total, tier weights or actual F/N"
P2,Free,90,0.0,0.004,0.06,-0.04799999999999993,1.7465000000000002,0.10479000000000001,0.05,-0.20278999999999991,negative,D_assumption_sensitivity,quant/scenario_inputs.json,"D examples only; no empirical ROI, population total, tier weights or actual F/N"
P2,Free,90,0.0,0.004,0.1,-0.04799999999999993,1.7465000000000002,0.17465000000000003,0.05,-0.27264999999999995,negative,D_assumption_sensitivity,quant/scenario_inputs.json,"D examples only; no empirical ROI, population total, tier weights or actual F/N"
P2,Free,90,0.0,0.007,0.0,-0.08399999999999996,1.6985000000000001,0.0,0.05,-0.13399999999999995,negative,D_assumption_sensitivity,quant/scenario_inputs.json,"D examples only; no empirical ROI, population total, tier weights or actual F/N"
P2,Free,90,0.0,0.007,0.02,-0.08399999999999996,1.6985000000000001,0.03397,0.05,-0.16796999999999995,negative,D_assumption_sensitivity,quant/scenario_inputs.json,"D examples only; no empirical ROI, population total, tier weights or actual F/N"
P2,Free,90,0.0,0.007,0.04,-0.08399999999999996,1.6985000000000001,0.06794,0.05,-0.20193999999999995,negative,D_assumption_sensitivity,quant/scenario_inputs.json,"D examples only; no empirical ROI, population total, tier weights or actual F/N"
P2,Free,90,0.0,0.007,0.06,-0.08399999999999996,1.6985000000000001,0.10191,0.05,-0.23590999999999995,negative,D_assumption_sensitivity,quant/scenario_inputs.json,"D examples only; no empirical ROI, population total, tier weights or actual F/N"
P2,Free,90,0.0,0.007,0.1,-0.08399999999999996,1.6985000000000001,0.16985000000000003,0.05,-0.30385,negative,D_assumption_sensitivity,quant/scenario_inputs.json,"D examples only; no empirical ROI, population total, tier weights or actual F/N"
P2,Free,90,0.0,0.01,0.0,-0.12,1.6505,0.0,0.05,-0.16999999999999998,negative,D_assumption_sensitivity,quant/scenario_inputs.json,"D examples only; no empirical ROI, population total, tier weights or actual F/N"
P2,Free,90,0.0,0.01,0.02,-0.12,1.6505,0.033010000000000005,0.05,-0.20301000000000002,negative,D_assumption_sensitivity,quant/scenario_inputs.json,"D examples only; no empirical ROI, population total, tier weights or actual F/N"
P2,Free,90,0.0,0.01,0.04,-0.12,1.6505,0.06602000000000001,0.05,-0.23602,negative,D_assumption_sensitivity,quant/scenario_inputs.json,"D examples only; no empirical ROI, population total, tier weights or actual F/N"
P2,Free,90,0.0,0.01,0.06,-0.12,1.6505,0.09903,0.05,-0.26903,negative,D_assumption_sensitivity,quant/scenario_inputs.json,"D examples only; no empirical ROI, population total, tier weights or actual F/N"
P2,Free,90,0.0,0.01,0.1,-0.12,1.6505,0.16505000000000003,0.05,-0.33505,negative,D_assumption_sensitivity,quant/scenario_inputs.json,"D examples only; no empirical ROI, population total, tier weights or actual F/N"
P2,Free,90,0.0,0.015,0.0,-0.18000000000000005,1.5705,0.0,0.05,-0.23000000000000004,negative,D_assumption_sensitivity,quant/scenario_inputs.json,"D examples only; no empirical ROI, population total, tier weights or actual F/N"
P2,Free,90,0.0,0.015,0.02,-0.18000000000000005,1.5705,0.03141,0.05,-0.26141000000000003,negative,D_assumption_sensitivity,quant/scenario_inputs.json,"D examples only; no empirical ROI, population total, tier weights or actual F/N"
P2,Free,90,0.0,0.015,0.04,-0.18000000000000005,1.5705,0.06282,0.05,-0.29282,negative,D_assumption_sensitivity,quant/scenario_inputs.json,"D examples only; no empirical ROI, population total, tier weights or actual F/N"
P2,Free,90,0.0,0.015,0.06,-0.18000000000000005,1.5705,0.09423,0.05,-0.32423,negative,D_assumption_sensitivity,quant/scenario_inputs.json,"D examples only; no empirical ROI, population total, tier weights or actual F/N"
P2,Free,90,0.0,0.015,0.1,-0.18000000000000005,1.5705,0.15705000000000002,0.05,-0.38705000000000006,negative,D_assumption_sensitivity,quant/scenario_inputs.json,"D examples only; no empirical ROI, population total, tier weights or actual F/N"
P2,Free,90,0.005,0.0,0.0,0.05999999999999994,1.8305000000000002,0.0,0.05,0.00999999999999994,positive,D_assumption_sensitivity,quant/scenario_inputs.json,"D examples only; no empirical ROI, population total, tier weights or actual F/N"
P2,Free,90,0.005,0.0,0.02,0.05999999999999994,1.8305000000000002,0.036610000000000004,0.05,-0.026610000000000064,negative,D_assumption_sensitivity,quant/scenario_inputs.json,"D examples only; no empirical ROI, population total, tier weights or actual F/N"
P2,Free,90,0.005,0.0,0.04,0.05999999999999994,1.8305000000000002,0.07322000000000001,0.05,-0.06322000000000007,negative,D_assumption_sensitivity,quant/scenario_inputs.json,"D examples only; no empirical ROI, population total, tier weights or actual F/N"
P2,Free,90,0.005,0.0,0.06,0.05999999999999994,1.8305000000000002,0.10983000000000001,0.05,-0.09983000000000007,negative,D_assumption_sensitivity,quant/scenario_inputs.json,"D examples only; no empirical ROI, population total, tier weights or actual F/N"
P2,Free,90,0.005,0.0,0.1,0.05999999999999994,1.8305000000000002,0.18305000000000005,0.05,-0.1730500000000001,negative,D_assumption_sensitivity,quant/scenario_inputs.json,"D examples only; no empirical ROI, population total, tier weights or actual F/N"
P2,Free,90,0.005,0.002,0.0,0.03599999999999992,1.7985000000000002,0.0,0.05,-0.014000000000000082,negative,D_assumption_sensitivity,quant/scenario_inputs.json,"D examples only; no empirical ROI, population total, tier weights or actual F/N"
P2,Free,90,0.005,0.002,0.02,0.03599999999999992,1.7985000000000002,0.03597,0.05,-0.049970000000000084,negative,D_assumption_sensitivity,quant/scenario_inputs.json,"D examples only; no empirical ROI, population total, tier weights or actual F/N"
P2,Free,90,0.005,0.002,0.04,0.03599999999999992,1.7985000000000002,0.07194,0.05,-0.08594000000000009,negative,D_assumption_sensitivity,quant/scenario_inputs.json,"D examples only; no empirical ROI, population total, tier weights or actual F/N"
P2,Free,90,0.005,0.002,0.06,0.03599999999999992,1.7985000000000002,0.10791,0.05,-0.12191000000000009,negative,D_assumption_sensitivity,quant/scenario_inputs.json,"D examples only; no empirical ROI, population total, tier weights or actual F/N"
P2,Free,90,0.005,0.002,0.1,0.03599999999999992,1.7985000000000002,0.17985000000000004,0.05,-0.19385000000000013,negative,D_assumption_sensitivity,quant/scenario_inputs.json,"D examples only; no empirical ROI, population total, tier weights or actual F/N"
P2,Free,90,0.005,0.004,0.0,0.0119999999999999,1.7665000000000002,0.0,0.05,-0.0380000000000001,negative,D_assumption_sensitivity,quant/scenario_inputs.json,"D examples only; no empirical ROI, population total, tier weights or actual F/N"
P2,Free,90,0.005,0.004,0.02,0.0119999999999999,1.7665000000000002,0.03533000000000001,0.05,-0.07333000000000012,negative,D_assumption_sensitivity,quant/scenario_inputs.json,"D examples only; no empirical ROI, population total, tier weights or actual F/N"
P2,Free,90,0.005,0.004,0.04,0.0119999999999999,1.7665000000000002,0.07066000000000001,0.05,-0.10866000000000012,negative,D_assumption_sensitivity,quant/scenario_inputs.json,"D examples only; no empirical ROI, population total, tier weights or actual F/N"
P2,Free,90,0.005,0.004,0.06,0.0119999999999999,1.7665000000000002,0.10599,0.05,-0.14399000000000012,negative,D_assumption_sensitivity,quant/scenario_inputs.json,"D examples only; no empirical ROI, population total, tier weights or actual F/N"
P2,Free,90,0.005,0.004,0.1,0.0119999999999999,1.7665000000000002,0.17665000000000003,0.05,-0.21465000000000012,negative,D_assumption_sensitivity,quant/scenario_inputs.json,"D examples only; no empirical ROI, population total, tier weights or actual F/N"
P2,Free,90,0.005,0.007,0.0,-0.024000000000000132,1.7185000000000001,0.0,0.05,-0.07400000000000014,negative,D_assumption_sensitivity,quant/scenario_inputs.json,"D examples only; no empirical ROI, population total, tier weights or actual F/N"
P2,Free,90,0.005,0.007,0.02,-0.024000000000000132,1.7185000000000001,0.034370000000000005,0.05,-0.10837000000000013,negative,D_assumption_sensitivity,quant/scenario_inputs.json,"D examples only; no empirical ROI, population total, tier weights or actual F/N"
P2,Free,90,0.005,0.007,0.04,-0.024000000000000132,1.7185000000000001,0.06874000000000001,0.05,-0.14274000000000014,negative,D_assumption_sensitivity,quant/scenario_inputs.json,"D examples only; no empirical ROI, population total, tier weights or actual F/N"
P2,Free,90,0.005,0.007,0.06,-0.024000000000000132,1.7185000000000001,0.10311000000000001,0.05,-0.17711000000000016,negative,D_assumption_sensitivity,quant/scenario_inputs.json,"D examples only; no empirical ROI, population total, tier weights or actual F/N"
P2,Free,90,0.005,0.007,0.1,-0.024000000000000132,1.7185000000000001,0.17185000000000003,0.05,-0.24585000000000018,negative,D_assumption_sensitivity,quant/scenario_inputs.json,"D examples only; no empirical ROI, population total, tier weights or actual F/N"
P2,Free,90,0.005,0.01,0.0,-0.06000000000000005,1.6705,0.0,0.05,-0.11000000000000006,negative,D_assumption_sensitivity,quant/scenario_inputs.json,"D examples only; no empirical ROI, population total, tier weights or actual F/N"
P2,Free,90,0.005,0.01,0.02,-0.06000000000000005,1.6705,0.03341,0.05,-0.14341000000000004,negative,D_assumption_sensitivity,quant/scenario_inputs.json,"D examples only; no empirical ROI, population total, tier weights or actual F/N"
P2,Free,90,0.005,0.01,0.04,-0.06000000000000005,1.6705,0.06682,0.05,-0.17682000000000003,negative,D_assumption_sensitivity,quant/scenario_inputs.json,"D examples only; no empirical ROI, population total, tier weights or actual F/N"
P2,Free,90,0.005,0.01,0.06,-0.06000000000000005,1.6705,0.10023,0.05,-0.21023000000000003,negative,D_assumption_sensitivity,quant/scenario_inputs.json,"D examples only; no empirical ROI, population total, tier weights or actual F/N"
P2,Free,90,0.005,0.01,0.1,-0.06000000000000005,1.6705,0.16705000000000003,0.05,-0.2770500000000001,negative,D_assumption_sensitivity,quant/scenario_inputs.json,"D examples only; no empirical ROI, population total, tier weights or actual F/N"
P2,Free,90,0.005,0.015,0.0,-0.12,1.5905,0.0,0.05,-0.16999999999999998,negative,D_assumption_sensitivity,quant/scenario_inputs.json,"D examples only; no empirical ROI, population total, tier weights or actual F/N"
P2,Free,90,0.005,0.015,0.02,-0.12,1.5905,0.03181,0.05,-0.20181,negative,D_assumption_sensitivity,quant/scenario_inputs.json,"D examples only; no empirical ROI, population total, tier weights or actual F/N"
P2,Free,90,0.005,0.015,0.04,-0.12,1.5905,0.06362,0.05,-0.23362,negative,D_assumption_sensitivity,quant/scenario_inputs.json,"D examples only; no empirical ROI, population total, tier weights or actual F/N"
P2,Free,90,0.005,0.015,0.06,-0.12,1.5905,0.09543,0.05,-0.26543,negative,D_assumption_sensitivity,quant/scenario_inputs.json,"D examples only; no empirical ROI, population total, tier weights or actual F/N"
P2,Free,90,0.005,0.015,0.1,-0.12,1.5905,0.15905000000000002,0.05,-0.32905,negative,D_assumption_sensitivity,quant/scenario_inputs.json,"D examples only; no empirical ROI, population total, tier weights or actual F/N"
P2,Free,90,0.015,0.0,0.0,0.18000000000000005,1.8705000000000003,0.0,0.05,0.13000000000000006,positive,D_assumption_sensitivity,quant/scenario_inputs.json,"D examples only; no empirical ROI, population total, tier weights or actual F/N"
P2,Free,90,0.015,0.0,0.02,0.18000000000000005,1.8705000000000003,0.037410000000000006,0.05,0.09259000000000005,positive,D_assumption_sensitivity,quant/scenario_inputs.json,"D examples only; no empirical ROI, population total, tier weights or actual F/N"
P2,Free,90,0.015,0.0,0.04,0.18000000000000005,1.8705000000000003,0.07482000000000001,0.05,0.055180000000000035,positive,D_assumption_sensitivity,quant/scenario_inputs.json,"D examples only; no empirical ROI, population total, tier weights or actual F/N"
P2,Free,90,0.015,0.0,0.06,0.18000000000000005,1.8705000000000003,0.11223000000000001,0.05,0.017770000000000036,positive,D_assumption_sensitivity,quant/scenario_inputs.json,"D examples only; no empirical ROI, population total, tier weights or actual F/N"
P2,Free,90,0.015,0.0,0.1,0.18000000000000005,1.8705000000000003,0.18705000000000005,0.05,-0.057050000000000003,negative,D_assumption_sensitivity,quant/scenario_inputs.json,"D examples only; no empirical ROI, population total, tier weights or actual F/N"
P2,Free,90,0.015,0.002,0.0,0.15600000000000003,1.8385000000000002,0.0,0.05,0.10600000000000002,positive,D_assumption_sensitivity,quant/scenario_inputs.json,"D examples only; no empirical ROI, population total, tier weights or actual F/N"
P2,Free,90,0.015,0.002,0.02,0.15600000000000003,1.8385000000000002,0.036770000000000004,0.05,0.06923000000000003,positive,D_assumption_sensitivity,quant/scenario_inputs.json,"D examples only; no empirical ROI, population total, tier weights or actual F/N"
P2,Free,90,0.015,0.002,0.04,0.15600000000000003,1.8385000000000002,0.07354000000000001,0.05,0.03246000000000002,positive,D_assumption_sensitivity,quant/scenario_inputs.json,"D examples only; no empirical ROI, population total, tier weights or actual F/N"
P2,Free,90,0.015,0.002,0.06,0.15600000000000003,1.8385000000000002,0.11031,0.05,-0.0043099999999999805,negative,D_assumption_sensitivity,quant/scenario_inputs.json,"D examples only; no empirical ROI, population total, tier weights or actual F/N"
P2,Free,90,0.015,0.002,0.1,0.15600000000000003,1.8385000000000002,0.18385000000000004,0.05,-0.07785000000000002,negative,D_assumption_sensitivity,quant/scenario_inputs.json,"D examples only; no empirical ROI, population total, tier weights or actual F/N"
P2,Free,90,0.015,0.004,0.0,0.132,1.8065000000000002,0.0,0.05,0.082,positive,D_assumption_sensitivity,quant/scenario_inputs.json,"D examples only; no empirical ROI, population total, tier weights or actual F/N"
P2,Free,90,0.015,0.004,0.02,0.132,1.8065000000000002,0.03613,0.05,0.04587000000000001,positive,D_assumption_sensitivity,quant/scenario_inputs.json,"D examples only; no empirical ROI, population total, tier weights or actual F/N"
P2,Free,90,0.015,0.004,0.04,0.132,1.8065000000000002,0.07226,0.05,0.009739999999999999,positive,D_assumption_sensitivity,quant/scenario_inputs.json,"D examples only; no empirical ROI, population total, tier weights or actual F/N"
P2,Free,90,0.015,0.004,0.06,0.132,1.8065000000000002,0.10839000000000001,0.05,-0.02639000000000001,negative,D_assumption_sensitivity,quant/scenario_inputs.json,"D examples only; no empirical ROI, population total, tier weights or actual F/N"
P2,Free,90,0.015,0.004,0.1,0.132,1.8065000000000002,0.18065000000000003,0.05,-0.09865000000000003,negative,D_assumption_sensitivity,quant/scenario_inputs.json,"D examples only; no empirical ROI, population total, tier weights or actual F/N"
P2,Free,90,0.015,0.007,0.0,0.09599999999999997,1.7585000000000002,0.0,0.05,0.04599999999999997,positive,D_assumption_sensitivity,quant/scenario_inputs.json,"D examples only; no empirical ROI, population total, tier weights or actual F/N"
P2,Free,90,0.015,0.007,0.02,0.09599999999999997,1.7585000000000002,0.03517000000000001,0.05,0.010829999999999965,positive,D_assumption_sensitivity,quant/scenario_inputs.json,"D examples only; no empirical ROI, population total, tier weights or actual F/N"
P2,Free,90,0.015,0.007,0.04,0.09599999999999997,1.7585000000000002,0.07034000000000001,0.05,-0.024340000000000042,negative,D_assumption_sensitivity,quant/scenario_inputs.json,"D examples only; no empirical ROI, population total, tier weights or actual F/N"
P2,Free,90,0.015,0.007,0.06,0.09599999999999997,1.7585000000000002,0.10551,0.05,-0.059510000000000035,negative,D_assumption_sensitivity,quant/scenario_inputs.json,"D examples only; no empirical ROI, population total, tier weights or actual F/N"
P2,Free,90,0.015,0.007,0.1,0.09599999999999997,1.7585000000000002,0.17585000000000003,0.05,-0.12985000000000008,negative,D_assumption_sensitivity,quant/scenario_inputs.json,"D examples only; no empirical ROI, population total, tier weights or actual F/N"
P2,Free,90,0.015,0.01,0.0,0.05999999999999983,1.7105000000000001,0.0,0.05,0.009999999999999828,positive,D_assumption_sensitivity,quant/scenario_inputs.json,"D examples only; no empirical ROI, population total, tier weights or actual F/N"
P2,Free,90,0.015,0.01,0.02,0.05999999999999983,1.7105000000000001,0.034210000000000004,0.05,-0.024210000000000176,negative,D_assumption_sensitivity,quant/scenario_inputs.json,"D examples only; no empirical ROI, population total, tier weights or actual F/N"
P2,Free,90,0.015,0.01,0.04,0.05999999999999983,1.7105000000000001,0.06842000000000001,0.05,-0.05842000000000018,negative,D_assumption_sensitivity,quant/scenario_inputs.json,"D examples only; no empirical ROI, population total, tier weights or actual F/N"
P2,Free,90,0.015,0.01,0.06,0.05999999999999983,1.7105000000000001,0.10263,0.05,-0.09263000000000017,negative,D_assumption_sensitivity,quant/scenario_inputs.json,"D examples only; no empirical ROI, population total, tier weights or actual F/N"
P2,Free,90,0.015,0.01,0.1,0.05999999999999983,1.7105000000000001,0.17105000000000004,0.05,-0.1610500000000002,negative,D_assumption_sensitivity,quant/scenario_inputs.json,"D examples only; no empirical ROI, population total, tier weights or actual F/N"
P2,Free,90,0.015,0.015,0.0,-1.1102230246251565e-16,1.6305,0.0,0.05,-0.050000000000000114,negative,D_assumption_sensitivity,quant/scenario_inputs.json,"D examples only; no empirical ROI, population total, tier weights or actual F/N"
P2,Free,90,0.015,0.015,0.02,-1.1102230246251565e-16,1.6305,0.03261,0.05,-0.08261000000000011,negative,D_assumption_sensitivity,quant/scenario_inputs.json,"D examples only; no empirical ROI, population total, tier weights or actual F/N"
P2,Free,90,0.015,0.015,0.04,-1.1102230246251565e-16,1.6305,0.06522,0.05,-0.11522000000000011,negative,D_assumption_sensitivity,quant/scenario_inputs.json,"D examples only; no empirical ROI, population total, tier weights or actual F/N"
P2,Free,90,0.015,0.015,0.06,-1.1102230246251565e-16,1.6305,0.09783,0.05,-0.14783000000000013,negative,D_assumption_sensitivity,quant/scenario_inputs.json,"D examples only; no empirical ROI, population total, tier weights or actual F/N"
P2,Free,90,0.015,0.015,0.1,-1.1102230246251565e-16,1.6305,0.16305000000000003,0.05,-0.21305000000000013,negative,D_assumption_sensitivity,quant/scenario_inputs.json,"D examples only; no empirical ROI, population total, tier weights or actual F/N"
P2,Free,90,0.03,0.0,0.0,0.35999999999999976,1.9304999999999999,0.0,0.05,0.3099999999999998,positive,D_assumption_sensitivity,quant/scenario_inputs.json,"D examples only; no empirical ROI, population total, tier weights or actual F/N"
P2,Free,90,0.03,0.0,0.02,0.35999999999999976,1.9304999999999999,0.03861,0.05,0.2713899999999998,positive,D_assumption_sensitivity,quant/scenario_inputs.json,"D examples only; no empirical ROI, population total, tier weights or actual F/N"
P2,Free,90,0.03,0.0,0.04,0.35999999999999976,1.9304999999999999,0.07722,0.05,0.23277999999999976,positive,D_assumption_sensitivity,quant/scenario_inputs.json,"D examples only; no empirical ROI, population total, tier weights or actual F/N"
P2,Free,90,0.03,0.0,0.06,0.35999999999999976,1.9304999999999999,0.11582999999999999,0.05,0.1941699999999998,positive,D_assumption_sensitivity,quant/scenario_inputs.json,"D examples only; no empirical ROI, population total, tier weights or actual F/N"
P2,Free,90,0.03,0.0,0.1,0.35999999999999976,1.9304999999999999,0.19305,0.05,0.11694999999999976,positive,D_assumption_sensitivity,quant/scenario_inputs.json,"D examples only; no empirical ROI, population total, tier weights or actual F/N"
P2,Free,90,0.03,0.002,0.0,0.33599999999999997,1.8984999999999999,0.0,0.05,0.286,positive,D_assumption_sensitivity,quant/scenario_inputs.json,"D examples only; no empirical ROI, population total, tier weights or actual F/N"
P2,Free,90,0.03,0.002,0.02,0.33599999999999997,1.8984999999999999,0.03797,0.05,0.24802999999999997,positive,D_assumption_sensitivity,quant/scenario_inputs.json,"D examples only; no empirical ROI, population total, tier weights or actual F/N"
P2,Free,90,0.03,0.002,0.04,0.33599999999999997,1.8984999999999999,0.07594,0.05,0.21005999999999997,positive,D_assumption_sensitivity,quant/scenario_inputs.json,"D examples only; no empirical ROI, population total, tier weights or actual F/N"
P2,Free,90,0.03,0.002,0.06,0.33599999999999997,1.8984999999999999,0.11390999999999998,0.05,0.17208999999999997,positive,D_assumption_sensitivity,quant/scenario_inputs.json,"D examples only; no empirical ROI, population total, tier weights or actual F/N"
P2,Free,90,0.03,0.002,0.1,0.33599999999999997,1.8984999999999999,0.18985,0.05,0.09614999999999997,positive,D_assumption_sensitivity,quant/scenario_inputs.json,"D examples only; no empirical ROI, population total, tier weights or actual F/N"
P2,Free,90,0.03,0.004,0.0,0.31199999999999994,1.8664999999999998,0.0,0.05,0.26199999999999996,positive,D_assumption_sensitivity,quant/scenario_inputs.json,"D examples only; no empirical ROI, population total, tier weights or actual F/N"
P2,Free,90,0.03,0.004,0.02,0.31199999999999994,1.8664999999999998,0.037329999999999995,0.05,0.22466999999999998,positive,D_assumption_sensitivity,quant/scenario_inputs.json,"D examples only; no empirical ROI, population total, tier weights or actual F/N"
P2,Free,90,0.03,0.004,0.04,0.31199999999999994,1.8664999999999998,0.07465999999999999,0.05,0.18733999999999995,positive,D_assumption_sensitivity,quant/scenario_inputs.json,"D examples only; no empirical ROI, population total, tier weights or actual F/N"
P2,Free,90,0.03,0.004,0.06,0.31199999999999994,1.8664999999999998,0.11198999999999999,0.05,0.15000999999999998,positive,D_assumption_sensitivity,quant/scenario_inputs.json,"D examples only; no empirical ROI, population total, tier weights or actual F/N"
P2,Free,90,0.03,0.004,0.1,0.31199999999999994,1.8664999999999998,0.18664999999999998,0.05,0.07534999999999996,positive,D_assumption_sensitivity,quant/scenario_inputs.json,"D examples only; no empirical ROI, population total, tier weights or actual F/N"
P2,Free,90,0.03,0.007,0.0,0.2759999999999999,1.8184999999999998,0.0,0.05,0.22599999999999992,positive,D_assumption_sensitivity,quant/scenario_inputs.json,"D examples only; no empirical ROI, population total, tier weights or actual F/N"
P2,Free,90,0.03,0.007,0.02,0.2759999999999999,1.8184999999999998,0.03637,0.05,0.1896299999999999,positive,D_assumption_sensitivity,quant/scenario_inputs.json,"D examples only; no empirical ROI, population total, tier weights or actual F/N"
P2,Free,90,0.03,0.007,0.04,0.2759999999999999,1.8184999999999998,0.07274,0.05,0.1532599999999999,positive,D_assumption_sensitivity,quant/scenario_inputs.json,"D examples only; no empirical ROI, population total, tier weights or actual F/N"
P2,Free,90,0.03,0.007,0.06,0.2759999999999999,1.8184999999999998,0.10910999999999998,0.05,0.11688999999999992,positive,D_assumption_sensitivity,quant/scenario_inputs.json,"D examples only; no empirical ROI, population total, tier weights or actual F/N"
P2,Free,90,0.03,0.007,0.1,0.2759999999999999,1.8184999999999998,0.18184999999999998,0.05,0.044149999999999925,positive,D_assumption_sensitivity,quant/scenario_inputs.json,"D examples only; no empirical ROI, population total, tier weights or actual F/N"
P2,Free,90,0.03,0.01,0.0,0.23999999999999988,1.7704999999999997,0.0,0.05,0.1899999999999999,positive,D_assumption_sensitivity,quant/scenario_inputs.json,"D examples only; no empirical ROI, population total, tier weights or actual F/N"
P2,Free,90,0.03,0.01,0.02,0.23999999999999988,1.7704999999999997,0.03541,0.05,0.1545899999999999,positive,D_assumption_sensitivity,quant/scenario_inputs.json,"D examples only; no empirical ROI, population total, tier weights or actual F/N"
P2,Free,90,0.03,0.01,0.04,0.23999999999999988,1.7704999999999997,0.07082,0.05,0.11917999999999988,positive,D_assumption_sensitivity,quant/scenario_inputs.json,"D examples only; no empirical ROI, population total, tier weights or actual F/N"
P2,Free,90,0.03,0.01,0.06,0.23999999999999988,1.7704999999999997,0.10622999999999998,0.05,0.08376999999999989,positive,D_assumption_sensitivity,quant/scenario_inputs.json,"D examples only; no empirical ROI, population total, tier weights or actual F/N"
P2,Free,90,0.03,0.01,0.1,0.23999999999999988,1.7704999999999997,0.17704999999999999,0.05,0.012949999999999892,positive,D_assumption_sensitivity,quant/scenario_inputs.json,"D examples only; no empirical ROI, population total, tier weights or actual F/N"
P2,Free,90,0.03,0.015,0.0,0.18000000000000005,1.6905000000000001,0.0,0.05,0.13000000000000006,positive,D_assumption_sensitivity,quant/scenario_inputs.json,"D examples only; no empirical ROI, population total, tier weights or actual F/N"
P2,Free,90,0.03,0.015,0.02,0.18000000000000005,1.6905000000000001,0.03381,0.05,0.09619000000000004,positive,D_assumption_sensitivity,quant/scenario_inputs.json,"D examples only; no empirical ROI, population total, tier weights or actual F/N"
P2,Free,90,0.03,0.015,0.04,0.18000000000000005,1.6905000000000001,0.06762,0.05,0.062380000000000047,positive,D_assumption_sensitivity,quant/scenario_inputs.json,"D examples only; no empirical ROI, population total, tier weights or actual F/N"
P2,Free,90,0.03,0.015,0.06,0.18000000000000005,1.6905000000000001,0.10143,0.05,0.02857000000000004,positive,D_assumption_sensitivity,quant/scenario_inputs.json,"D examples only; no empirical ROI, population total, tier weights or actual F/N"
P2,Free,90,0.03,0.015,0.1,0.18000000000000005,1.6905000000000001,0.16905000000000003,0.05,-0.03904999999999999,negative,D_assumption_sensitivity,quant/scenario_inputs.json,"D examples only; no empirical ROI, population total, tier weights or actual F/N"
P2,Free,90,0.06,0.0,0.0,0.7200000000000001,2.0505,0.0,0.05,0.67,positive,D_assumption_sensitivity,quant/scenario_inputs.json,"D examples only; no empirical ROI, population total, tier weights or actual F/N"
P2,Free,90,0.06,0.0,0.02,0.7200000000000001,2.0505,0.04101,0.05,0.62899,positive,D_assumption_sensitivity,quant/scenario_inputs.json,"D examples only; no empirical ROI, population total, tier weights or actual F/N"
P2,Free,90,0.06,0.0,0.04,0.7200000000000001,2.0505,0.08202,0.05,0.5879800000000001,positive,D_assumption_sensitivity,quant/scenario_inputs.json,"D examples only; no empirical ROI, population total, tier weights or actual F/N"
P2,Free,90,0.06,0.0,0.06,0.7200000000000001,2.0505,0.12303,0.05,0.5469700000000001,positive,D_assumption_sensitivity,quant/scenario_inputs.json,"D examples only; no empirical ROI, population total, tier weights or actual F/N"
P2,Free,90,0.06,0.0,0.1,0.7200000000000001,2.0505,0.20505,0.05,0.46495000000000003,positive,D_assumption_sensitivity,quant/scenario_inputs.json,"D examples only; no empirical ROI, population total, tier weights or actual F/N"
P2,Free,90,0.06,0.002,0.0,0.6960000000000001,2.0185,0.0,0.05,0.646,positive,D_assumption_sensitivity,quant/scenario_inputs.json,"D examples only; no empirical ROI, population total, tier weights or actual F/N"
P2,Free,90,0.06,0.002,0.02,0.6960000000000001,2.0185,0.04037,0.05,0.60563,positive,D_assumption_sensitivity,quant/scenario_inputs.json,"D examples only; no empirical ROI, population total, tier weights or actual F/N"
P2,Free,90,0.06,0.002,0.04,0.6960000000000001,2.0185,0.08074,0.05,0.56526,positive,D_assumption_sensitivity,quant/scenario_inputs.json,"D examples only; no empirical ROI, population total, tier weights or actual F/N"
P2,Free,90,0.06,0.002,0.06,0.6960000000000001,2.0185,0.12111,0.05,0.5248900000000001,positive,D_assumption_sensitivity,quant/scenario_inputs.json,"D examples only; no empirical ROI, population total, tier weights or actual F/N"
P2,Free,90,0.06,0.002,0.1,0.6960000000000001,2.0185,0.20185,0.05,0.4441500000000001,positive,D_assumption_sensitivity,quant/scenario_inputs.json,"D examples only; no empirical ROI, population total, tier weights or actual F/N"
P2,Free,90,0.06,0.004,0.0,0.672,1.9865,0.0,0.05,0.622,positive,D_assumption_sensitivity,quant/scenario_inputs.json,"D examples only; no empirical ROI, population total, tier weights or actual F/N"
P2,Free,90,0.06,0.004,0.02,0.672,1.9865,0.03973,0.05,0.58227,positive,D_assumption_sensitivity,quant/scenario_inputs.json,"D examples only; no empirical ROI, population total, tier weights or actual F/N"
P2,Free,90,0.06,0.004,0.04,0.672,1.9865,0.07946,0.05,0.54254,positive,D_assumption_sensitivity,quant/scenario_inputs.json,"D examples only; no empirical ROI, population total, tier weights or actual F/N"
P2,Free,90,0.06,0.004,0.06,0.672,1.9865,0.11918999999999999,0.05,0.50281,positive,D_assumption_sensitivity,quant/scenario_inputs.json,"D examples only; no empirical ROI, population total, tier weights or actual F/N"
P2,Free,90,0.06,0.004,0.1,0.672,1.9865,0.19865,0.05,0.42335000000000006,positive,D_assumption_sensitivity,quant/scenario_inputs.json,"D examples only; no empirical ROI, population total, tier weights or actual F/N"
P2,Free,90,0.06,0.007,0.0,0.636,1.9385,0.0,0.05,0.586,positive,D_assumption_sensitivity,quant/scenario_inputs.json,"D examples only; no empirical ROI, population total, tier weights or actual F/N"
P2,Free,90,0.06,0.007,0.02,0.636,1.9385,0.03877,0.05,0.54723,positive,D_assumption_sensitivity,quant/scenario_inputs.json,"D examples only; no empirical ROI, population total, tier weights or actual F/N"
P2,Free,90,0.06,0.007,0.04,0.636,1.9385,0.07754,0.05,0.5084599999999999,positive,D_assumption_sensitivity,quant/scenario_inputs.json,"D examples only; no empirical ROI, population total, tier weights or actual F/N"
P2,Free,90,0.06,0.007,0.06,0.636,1.9385,0.11630999999999998,0.05,0.46969,positive,D_assumption_sensitivity,quant/scenario_inputs.json,"D examples only; no empirical ROI, population total, tier weights or actual F/N"
P2,Free,90,0.06,0.007,0.1,0.636,1.9385,0.19385,0.05,0.39215000000000005,positive,D_assumption_sensitivity,quant/scenario_inputs.json,"D examples only; no empirical ROI, population total, tier weights or actual F/N"
P2,Free,90,0.06,0.01,0.0,0.5999999999999998,1.8904999999999998,0.0,0.05,0.5499999999999997,positive,D_assumption_sensitivity,quant/scenario_inputs.json,"D examples only; no empirical ROI, population total, tier weights or actual F/N"
P2,Free,90,0.06,0.01,0.02,0.5999999999999998,1.8904999999999998,0.037809999999999996,0.05,0.5121899999999997,positive,D_assumption_sensitivity,quant/scenario_inputs.json,"D examples only; no empirical ROI, population total, tier weights or actual F/N"
P2,Free,90,0.06,0.01,0.04,0.5999999999999998,1.8904999999999998,0.07561999999999999,0.05,0.47437999999999975,positive,D_assumption_sensitivity,quant/scenario_inputs.json,"D examples only; no empirical ROI, population total, tier weights or actual F/N"
P2,Free,90,0.06,0.01,0.06,0.5999999999999998,1.8904999999999998,0.11342999999999999,0.05,0.4365699999999998,positive,D_assumption_sensitivity,quant/scenario_inputs.json,"D examples only; no empirical ROI, population total, tier weights or actual F/N"
P2,Free,90,0.06,0.01,0.1,0.5999999999999998,1.8904999999999998,0.18905,0.05,0.36094999999999977,positive,D_assumption_sensitivity,quant/scenario_inputs.json,"D examples only; no empirical ROI, population total, tier weights or actual F/N"
P2,Free,90,0.06,0.015,0.0,0.5399999999999999,1.8104999999999998,0.0,0.05,0.48999999999999994,positive,D_assumption_sensitivity,quant/scenario_inputs.json,"D examples only; no empirical ROI, population total, tier weights or actual F/N"
P2,Free,90,0.06,0.015,0.02,0.5399999999999999,1.8104999999999998,0.03621,0.05,0.45378999999999997,positive,D_assumption_sensitivity,quant/scenario_inputs.json,"D examples only; no empirical ROI, population total, tier weights or actual F/N"
P2,Free,90,0.06,0.015,0.04,0.5399999999999999,1.8104999999999998,0.07242,0.05,0.41757999999999995,positive,D_assumption_sensitivity,quant/scenario_inputs.json,"D examples only; no empirical ROI, population total, tier weights or actual F/N"
P2,Free,90,0.06,0.015,0.06,0.5399999999999999,1.8104999999999998,0.10862999999999998,0.05,0.38136999999999993,positive,D_assumption_sensitivity,quant/scenario_inputs.json,"D examples only; no empirical ROI, population total, tier weights or actual F/N"
P2,Free,90,0.06,0.015,0.1,0.5399999999999999,1.8104999999999998,0.18105,0.05,0.30894999999999995,positive,D_assumption_sensitivity,quant/scenario_inputs.json,"D examples only; no empirical ROI, population total, tier weights or actual F/N"
P2,Free,90,0.1,0.0,0.0,1.2000000000000002,2.2105,0.0,0.05,1.1500000000000001,positive,D_assumption_sensitivity,quant/scenario_inputs.json,"D examples only; no empirical ROI, population total, tier weights or actual F/N"
P2,Free,90,0.1,0.0,0.02,1.2000000000000002,2.2105,0.044210000000000006,0.05,1.10579,positive,D_assumption_sensitivity,quant/scenario_inputs.json,"D examples only; no empirical ROI, population total, tier weights or actual F/N"
P2,Free,90,0.1,0.0,0.04,1.2000000000000002,2.2105,0.08842000000000001,0.05,1.0615800000000002,positive,D_assumption_sensitivity,quant/scenario_inputs.json,"D examples only; no empirical ROI, population total, tier weights or actual F/N"
P2,Free,90,0.1,0.0,0.06,1.2000000000000002,2.2105,0.13263,0.05,1.01737,positive,D_assumption_sensitivity,quant/scenario_inputs.json,"D examples only; no empirical ROI, population total, tier weights or actual F/N"
P2,Free,90,0.1,0.0,0.1,1.2000000000000002,2.2105,0.22105000000000002,0.05,0.9289500000000002,positive,D_assumption_sensitivity,quant/scenario_inputs.json,"D examples only; no empirical ROI, population total, tier weights or actual F/N"
P2,Free,90,0.1,0.002,0.0,1.1760000000000002,2.1785,0.0,0.05,1.1260000000000001,positive,D_assumption_sensitivity,quant/scenario_inputs.json,"D examples only; no empirical ROI, population total, tier weights or actual F/N"
P2,Free,90,0.1,0.002,0.02,1.1760000000000002,2.1785,0.043570000000000005,0.05,1.08243,positive,D_assumption_sensitivity,quant/scenario_inputs.json,"D examples only; no empirical ROI, population total, tier weights or actual F/N"
P2,Free,90,0.1,0.002,0.04,1.1760000000000002,2.1785,0.08714000000000001,0.05,1.0388600000000001,positive,D_assumption_sensitivity,quant/scenario_inputs.json,"D examples only; no empirical ROI, population total, tier weights or actual F/N"
P2,Free,90,0.1,0.002,0.06,1.1760000000000002,2.1785,0.13071,0.05,0.99529,positive,D_assumption_sensitivity,quant/scenario_inputs.json,"D examples only; no empirical ROI, population total, tier weights or actual F/N"
P2,Free,90,0.1,0.002,0.1,1.1760000000000002,2.1785,0.21785000000000002,0.05,0.9081500000000001,positive,D_assumption_sensitivity,quant/scenario_inputs.json,"D examples only; no empirical ROI, population total, tier weights or actual F/N"
P2,Free,90,0.1,0.004,0.0,1.1520000000000006,2.1465,0.0,0.05,1.1020000000000005,positive,D_assumption_sensitivity,quant/scenario_inputs.json,"D examples only; no empirical ROI, population total, tier weights or actual F/N"
P2,Free,90,0.1,0.004,0.02,1.1520000000000006,2.1465,0.04293,0.05,1.0590700000000006,positive,D_assumption_sensitivity,quant/scenario_inputs.json,"D examples only; no empirical ROI, population total, tier weights or actual F/N"
P2,Free,90,0.1,0.004,0.04,1.1520000000000006,2.1465,0.08586,0.05,1.0161400000000005,positive,D_assumption_sensitivity,quant/scenario_inputs.json,"D examples only; no empirical ROI, population total, tier weights or actual F/N"
P2,Free,90,0.1,0.004,0.06,1.1520000000000006,2.1465,0.12879,0.05,0.9732100000000006,positive,D_assumption_sensitivity,quant/scenario_inputs.json,"D examples only; no empirical ROI, population total, tier weights or actual F/N"
P2,Free,90,0.1,0.004,0.1,1.1520000000000006,2.1465,0.21465,0.05,0.8873500000000005,positive,D_assumption_sensitivity,quant/scenario_inputs.json,"D examples only; no empirical ROI, population total, tier weights or actual F/N"
P2,Free,90,0.1,0.007,0.0,1.1160000000000005,2.0985,0.0,0.05,1.0660000000000005,positive,D_assumption_sensitivity,quant/scenario_inputs.json,"D examples only; no empirical ROI, population total, tier weights or actual F/N"
P2,Free,90,0.1,0.007,0.02,1.1160000000000005,2.0985,0.04197,0.05,1.0240300000000004,positive,D_assumption_sensitivity,quant/scenario_inputs.json,"D examples only; no empirical ROI, population total, tier weights or actual F/N"
P2,Free,90,0.1,0.007,0.04,1.1160000000000005,2.0985,0.08394,0.05,0.9820600000000006,positive,D_assumption_sensitivity,quant/scenario_inputs.json,"D examples only; no empirical ROI, population total, tier weights or actual F/N"
P2,Free,90,0.1,0.007,0.06,1.1160000000000005,2.0985,0.12591,0.05,0.9400900000000005,positive,D_assumption_sensitivity,quant/scenario_inputs.json,"D examples only; no empirical ROI, population total, tier weights or actual F/N"
P2,Free,90,0.1,0.007,0.1,1.1160000000000005,2.0985,0.20985,0.05,0.8561500000000005,positive,D_assumption_sensitivity,quant/scenario_inputs.json,"D examples only; no empirical ROI, population total, tier weights or actual F/N"
P2,Free,90,0.1,0.01,0.0,1.08,2.0505,0.0,0.05,1.03,positive,D_assumption_sensitivity,quant/scenario_inputs.json,"D examples only; no empirical ROI, population total, tier weights or actual F/N"
P2,Free,90,0.1,0.01,0.02,1.08,2.0505,0.04101,0.05,0.98899,positive,D_assumption_sensitivity,quant/scenario_inputs.json,"D examples only; no empirical ROI, population total, tier weights or actual F/N"
P2,Free,90,0.1,0.01,0.04,1.08,2.0505,0.08202,0.05,0.94798,positive,D_assumption_sensitivity,quant/scenario_inputs.json,"D examples only; no empirical ROI, population total, tier weights or actual F/N"
P2,Free,90,0.1,0.01,0.06,1.08,2.0505,0.12303,0.05,0.90697,positive,D_assumption_sensitivity,quant/scenario_inputs.json,"D examples only; no empirical ROI, population total, tier weights or actual F/N"
P2,Free,90,0.1,0.01,0.1,1.08,2.0505,0.20505,0.05,0.8249500000000001,positive,D_assumption_sensitivity,quant/scenario_inputs.json,"D examples only; no empirical ROI, population total, tier weights or actual F/N"
P2,Free,90,0.1,0.015,0.0,1.0200000000000005,1.9705,0.0,0.05,0.9700000000000004,positive,D_assumption_sensitivity,quant/scenario_inputs.json,"D examples only; no empirical ROI, population total, tier weights or actual F/N"
P2,Free,90,0.1,0.015,0.02,1.0200000000000005,1.9705,0.03941,0.05,0.9305900000000005,positive,D_assumption_sensitivity,quant/scenario_inputs.json,"D examples only; no empirical ROI, population total, tier weights or actual F/N"
P2,Free,90,0.1,0.015,0.04,1.0200000000000005,1.9705,0.07882,0.05,0.8911800000000004,positive,D_assumption_sensitivity,quant/scenario_inputs.json,"D examples only; no empirical ROI, population total, tier weights or actual F/N"
P2,Free,90,0.1,0.015,0.06,1.0200000000000005,1.9705,0.11822999999999999,0.05,0.8517700000000005,positive,D_assumption_sensitivity,quant/scenario_inputs.json,"D examples only; no empirical ROI, population total, tier weights or actual F/N"
P2,Free,90,0.1,0.015,0.1,1.0200000000000005,1.9705,0.19705,0.05,0.7729500000000005,positive,D_assumption_sensitivity,quant/scenario_inputs.json,"D examples only; no empirical ROI, population total, tier weights or actual F/N"
