policy_id,scenario_id,original_tier,evidence_label,horizon_days,gain_margin_net_of_paid_workload_usd,loss_margin_net_of_paid_workload_usd,gain_rate_break_even,gain_constraint,gain_available_donor_probability_cap,economically_feasible_gain_exists_in_D_generator,gain_threshold_point_feasible_in_D_generator,loss_rate_break_even,loss_constraint,unit_cost_break_even_usd_per_service_minute,unit_cost_constraint,max_incremental_service_cost_usd_per_account,minimum_delta_non_ai_contribution_usd_per_account,symbolic_condition,boundary
P1,low,Free,D_conditional_threshold,90,11.84,11.36,0.0,lower_bound,0.94,True,True,0.0,upper_bound,,independent_of_unit_cost,0.0,0.0,delta_m >= delta_c + F/N_deployment,"Hold offer workload and other assumptions fixed; path workload changes with gain/loss. Thresholds are D functions, not estimated effects or feasible observed prices. Negative upper bounds can imply no feasible nonnegative price/rate."
P1,low,Super,D_conditional_threshold,90,9.0,11.2,0.013061111111111112,lower_bound,0.15,True,True,0.009575892857142857,upper_bound,0.1677749360613804,upper_bound,0.08199999999999967,0.06955,delta_m >= delta_c + F/N_deployment,"Hold offer workload and other assumptions fixed; path workload changes with gain/loss. Thresholds are D functions, not estimated effects or feasible observed prices. Negative upper bounds can imply no feasible nonnegative price/rate."
P1,low,Max,D_conditional_threshold,90,17.28,9.36,0.0016249999999999997,lower_bound,0.1,True,True,0.0,upper_bound,0.625,lower_bound,-0.030000000000001137,-0.001920000000000073,delta_m >= delta_c + F/N_deployment,"Hold offer workload and other assumptions fixed; path workload changes with gain/loss. Thresholds are D functions, not estimated effects or feasible observed prices. Negative upper bounds can imply no feasible nonnegative price/rate."
P1,base,Free,D_conditional_threshold,90,11.84,11.36,0.0,lower_bound,0.94,True,True,0.0,upper_bound,,independent_of_unit_cost,0.0,0.0,delta_m >= delta_c + F/N_deployment,"Hold offer workload and other assumptions fixed; path workload changes with gain/loss. Thresholds are D functions, not estimated effects or feasible observed prices. Negative upper bounds can imply no feasible nonnegative price/rate."
P1,base,Super,D_conditional_threshold,90,9.0,11.2,0.04214,lower_bound,0.15,True,True,0.008280357142857141,upper_bound,0.036318455509891705,upper_bound,0.18999999999999845,0.25926,delta_m >= delta_c + F/N_deployment,"Hold offer workload and other assumptions fixed; path workload changes with gain/loss. Thresholds are D functions, not estimated effects or feasible observed prices. Negative upper bounds can imply no feasible nonnegative price/rate."
P1,base,Max,D_conditional_threshold,90,17.28,9.36,0.0032499999999999994,lower_bound,0.1,True,True,0.0,upper_bound,0.6250000000000231,lower_bound,-0.060000000000002274,-0.0038400000000000036,delta_m >= delta_c + F/N_deployment,"Hold offer workload and other assumptions fixed; path workload changes with gain/loss. Thresholds are D functions, not estimated effects or feasible observed prices. Negative upper bounds can imply no feasible nonnegative price/rate."
P1,high,Free,D_conditional_threshold,90,11.84,11.36,0.0,lower_bound,0.94,True,True,0.0,upper_bound,,independent_of_unit_cost,0.0,0.0,delta_m >= delta_c + F/N_deployment,"Hold offer workload and other assumptions fixed; path workload changes with gain/loss. Thresholds are D functions, not estimated effects or feasible observed prices. Negative upper bounds can imply no feasible nonnegative price/rate."
P1,high,Super,D_conditional_threshold,90,9.0,11.2,0.14225955555555558,lower_bound,0.15,True,True,-0.03203000000000001,upper_bound,0.017903337750015683,upper_bound,0.4539999999999978,1.0643360000000002,delta_m >= delta_c + F/N_deployment,"Hold offer workload and other assumptions fixed; path workload changes with gain/loss. Thresholds are D functions, not estimated effects or feasible observed prices. Negative upper bounds can imply no feasible nonnegative price/rate."
P1,high,Max,D_conditional_threshold,90,17.28,9.36,0.005416666666666667,lower_bound,0.1,True,True,0.0,upper_bound,0.6250000000000083,lower_bound,-0.10000000000000142,-0.0064000000000000055,delta_m >= delta_c + F/N_deployment,"Hold offer workload and other assumptions fixed; path workload changes with gain/loss. Thresholds are D functions, not estimated effects or feasible observed prices. Negative upper bounds can imply no feasible nonnegative price/rate."
P2,low,Free,D_conditional_threshold,90,11.84,11.36,0.007102618243243244,lower_bound,0.94,True,True,-0.00019146126760563348,upper_bound,-0.05139972464433255,upper_bound,-0.014000000000000082,0.060895000000000005,delta_m >= delta_c + F/N_deployment,"Hold offer workload and other assumptions fixed; path workload changes with gain/loss. Thresholds are D functions, not estimated effects or feasible observed prices. Negative upper bounds can imply no feasible nonnegative price/rate."
P2,low,Super,D_conditional_threshold,90,9.0,11.2,0.0012444444444444445,lower_bound,0.15,True,True,0.0,upper_bound,0.600000000000111,lower_bound,-0.012000000000002231,-0.0008000000000000007,delta_m >= delta_c + F/N_deployment,"Hold offer workload and other assumptions fixed; path workload changes with gain/loss. Thresholds are D functions, not estimated effects or feasible observed prices. Negative upper bounds can imply no feasible nonnegative price/rate."
P2,low,Max,D_conditional_threshold,90,17.28,9.36,0.0005416666666666666,lower_bound,0.1,True,True,0.0,upper_bound,0.6250000000000278,lower_bound,-0.010000000000001563,-0.0006400000000000716,delta_m >= delta_c + F/N_deployment,"Hold offer workload and other assumptions fixed; path workload changes with gain/loss. Thresholds are D functions, not estimated effects or feasible observed prices. Negative upper bounds can imply no feasible nonnegative price/rate."
P2,base,Free,D_conditional_threshold,90,11.84,11.36,0.014177364864864865,lower_bound,0.94,True,True,0.004857394366197181,upper_bound,0.045391641295322444,upper_bound,0.082,0.12226000000000001,delta_m >= delta_c + F/N_deployment,"Hold offer workload and other assumptions fixed; path workload changes with gain/loss. Thresholds are D functions, not estimated effects or feasible observed prices. Negative upper bounds can imply no feasible nonnegative price/rate."
P2,base,Super,D_conditional_threshold,90,9.0,11.2,0.002488888888888889,lower_bound,0.15,True,True,0.0,upper_bound,0.6000000000000222,lower_bound,-0.02400000000000091,-0.0016000000000000014,delta_m >= delta_c + F/N_deployment,"Hold offer workload and other assumptions fixed; path workload changes with gain/loss. Thresholds are D functions, not estimated effects or feasible observed prices. Negative upper bounds can imply no feasible nonnegative price/rate."
P2,base,Max,D_conditional_threshold,90,17.28,9.36,0.0010833333333333333,lower_bound,0.1,True,True,0.0,upper_bound,0.6250000000000971,lower_bound,-0.020000000000003126,-0.0012800000000000012,delta_m >= delta_c + F/N_deployment,"Hold offer workload and other assumptions fixed; path workload changes with gain/loss. Thresholds are D functions, not estimated effects or feasible observed prices. Negative upper bounds can imply no feasible nonnegative price/rate."
P2,high,Free,D_conditional_threshold,90,11.84,11.36,0.039901351351351345,lower_bound,0.94,True,True,-0.0033197183098591584,upper_bound,0.02633787059481633,upper_bound,0.22599999999999992,0.3932319999999999,delta_m >= delta_c + F/N_deployment,"Hold offer workload and other assumptions fixed; path workload changes with gain/loss. Thresholds are D functions, not estimated effects or feasible observed prices. Negative upper bounds can imply no feasible nonnegative price/rate."
P2,high,Super,D_conditional_threshold,90,9.0,11.2,0.004977777777777778,lower_bound,0.15,True,True,0.0,upper_bound,0.6000000000000222,lower_bound,-0.04800000000000182,-0.0032000000000000028,delta_m >= delta_c + F/N_deployment,"Hold offer workload and other assumptions fixed; path workload changes with gain/loss. Thresholds are D functions, not estimated effects or feasible observed prices. Negative upper bounds can imply no feasible nonnegative price/rate."
P2,high,Max,D_conditional_threshold,90,17.28,9.36,0.0021666666666666666,lower_bound,0.1,True,True,0.0,upper_bound,0.6250000000000416,lower_bound,-0.0400000000000027,-0.0025600000000000024,delta_m >= delta_c + F/N_deployment,"Hold offer workload and other assumptions fixed; path workload changes with gain/loss. Thresholds are D functions, not estimated effects or feasible observed prices. Negative upper bounds can imply no feasible nonnegative price/rate."
