policy_id,scenario_id,original_tier,path_id,horizon_days,control_probability_demo,treatment_probability_demo,delta_probability_demo,whole_path_contribution_demo_usd,non_offer_workload_demo_service_minutes,evidence_label,input_ref,boundary
P0,low,Free,no_paid_path,90,0.94,0.94,0.0,0.0,0.0,D_marginal_billing_path,quant/scenario_inputs.json,"Marginal path bins, not identifiable joint counterfactual transitions or observed endpoint ARPU"
P0,low,Free,first_super_path,90,0.045,0.045,0.0,12.0,4.0,D_marginal_billing_path,quant/scenario_inputs.json,"Marginal path bins, not identifiable joint counterfactual transitions or observed endpoint ARPU"
P0,low,Free,first_max_path,90,0.015,0.015,0.0,24.0,20.0,D_marginal_billing_path,quant/scenario_inputs.json,"Marginal path bins, not identifiable joint counterfactual transitions or observed endpoint ARPU"
P0,low,Super,lapse_partial_super_path,90,0.15,0.15,0.0,3.0,0.0,D_marginal_billing_path,quant/scenario_inputs.json,"Marginal path bins, not identifiable joint counterfactual transitions or observed endpoint ARPU"
P0,low,Super,maintain_or_renew_super_path,90,0.8,0.8,0.0,12.0,0.0,D_marginal_billing_path,quant/scenario_inputs.json,"Marginal path bins, not identifiable joint counterfactual transitions or observed endpoint ARPU"
P0,low,Super,upgrade_max_path,90,0.05,0.05,0.0,24.0,20.0,D_marginal_billing_path,quant/scenario_inputs.json,"Marginal path bins, not identifiable joint counterfactual transitions or observed endpoint ARPU"
P0,low,Max,lapse_partial_max_path,90,0.1,0.1,0.0,6.0,2.0,D_marginal_billing_path,quant/scenario_inputs.json,"Marginal path bins, not identifiable joint counterfactual transitions or observed endpoint ARPU"
P0,low,Max,downgrade_super_path,90,0.1,0.1,0.0,14.0,4.0,D_marginal_billing_path,quant/scenario_inputs.json,"Marginal path bins, not identifiable joint counterfactual transitions or observed endpoint ARPU"
P0,low,Max,maintain_or_renew_max_path,90,0.8,0.8,0.0,24.0,20.0,D_marginal_billing_path,quant/scenario_inputs.json,"Marginal path bins, not identifiable joint counterfactual transitions or observed endpoint ARPU"
P0,base,Free,no_paid_path,90,0.94,0.94,0.0,0.0,0.0,D_marginal_billing_path,quant/scenario_inputs.json,"Marginal path bins, not identifiable joint counterfactual transitions or observed endpoint ARPU"
P0,base,Free,first_super_path,90,0.045,0.045,0.0,12.0,4.0,D_marginal_billing_path,quant/scenario_inputs.json,"Marginal path bins, not identifiable joint counterfactual transitions or observed endpoint ARPU"
P0,base,Free,first_max_path,90,0.015,0.015,0.0,24.0,20.0,D_marginal_billing_path,quant/scenario_inputs.json,"Marginal path bins, not identifiable joint counterfactual transitions or observed endpoint ARPU"
P0,base,Super,lapse_partial_super_path,90,0.15,0.15,0.0,3.0,0.0,D_marginal_billing_path,quant/scenario_inputs.json,"Marginal path bins, not identifiable joint counterfactual transitions or observed endpoint ARPU"
P0,base,Super,maintain_or_renew_super_path,90,0.8,0.8,0.0,12.0,0.0,D_marginal_billing_path,quant/scenario_inputs.json,"Marginal path bins, not identifiable joint counterfactual transitions or observed endpoint ARPU"
P0,base,Super,upgrade_max_path,90,0.05,0.05,0.0,24.0,20.0,D_marginal_billing_path,quant/scenario_inputs.json,"Marginal path bins, not identifiable joint counterfactual transitions or observed endpoint ARPU"
P0,base,Max,lapse_partial_max_path,90,0.1,0.1,0.0,6.0,2.0,D_marginal_billing_path,quant/scenario_inputs.json,"Marginal path bins, not identifiable joint counterfactual transitions or observed endpoint ARPU"
P0,base,Max,downgrade_super_path,90,0.1,0.1,0.0,14.0,4.0,D_marginal_billing_path,quant/scenario_inputs.json,"Marginal path bins, not identifiable joint counterfactual transitions or observed endpoint ARPU"
P0,base,Max,maintain_or_renew_max_path,90,0.8,0.8,0.0,24.0,20.0,D_marginal_billing_path,quant/scenario_inputs.json,"Marginal path bins, not identifiable joint counterfactual transitions or observed endpoint ARPU"
P0,high,Free,no_paid_path,90,0.94,0.94,0.0,0.0,0.0,D_marginal_billing_path,quant/scenario_inputs.json,"Marginal path bins, not identifiable joint counterfactual transitions or observed endpoint ARPU"
P0,high,Free,first_super_path,90,0.045,0.045,0.0,12.0,4.0,D_marginal_billing_path,quant/scenario_inputs.json,"Marginal path bins, not identifiable joint counterfactual transitions or observed endpoint ARPU"
P0,high,Free,first_max_path,90,0.015,0.015,0.0,24.0,20.0,D_marginal_billing_path,quant/scenario_inputs.json,"Marginal path bins, not identifiable joint counterfactual transitions or observed endpoint ARPU"
P0,high,Super,lapse_partial_super_path,90,0.15,0.15,0.0,3.0,0.0,D_marginal_billing_path,quant/scenario_inputs.json,"Marginal path bins, not identifiable joint counterfactual transitions or observed endpoint ARPU"
P0,high,Super,maintain_or_renew_super_path,90,0.8,0.8,0.0,12.0,0.0,D_marginal_billing_path,quant/scenario_inputs.json,"Marginal path bins, not identifiable joint counterfactual transitions or observed endpoint ARPU"
P0,high,Super,upgrade_max_path,90,0.05,0.05,0.0,24.0,20.0,D_marginal_billing_path,quant/scenario_inputs.json,"Marginal path bins, not identifiable joint counterfactual transitions or observed endpoint ARPU"
P0,high,Max,lapse_partial_max_path,90,0.1,0.1,0.0,6.0,2.0,D_marginal_billing_path,quant/scenario_inputs.json,"Marginal path bins, not identifiable joint counterfactual transitions or observed endpoint ARPU"
P0,high,Max,downgrade_super_path,90,0.1,0.1,0.0,14.0,4.0,D_marginal_billing_path,quant/scenario_inputs.json,"Marginal path bins, not identifiable joint counterfactual transitions or observed endpoint ARPU"
P0,high,Max,maintain_or_renew_max_path,90,0.8,0.8,0.0,24.0,20.0,D_marginal_billing_path,quant/scenario_inputs.json,"Marginal path bins, not identifiable joint counterfactual transitions or observed endpoint ARPU"
P1,low,Free,no_paid_path,90,0.94,0.94,0.0,0.0,0.0,D_marginal_billing_path,quant/scenario_inputs.json,"Marginal path bins, not identifiable joint counterfactual transitions or observed endpoint ARPU"
P1,low,Free,first_super_path,90,0.045,0.045,0.0,12.0,4.0,D_marginal_billing_path,quant/scenario_inputs.json,"Marginal path bins, not identifiable joint counterfactual transitions or observed endpoint ARPU"
P1,low,Free,first_max_path,90,0.015,0.015,0.0,24.0,20.0,D_marginal_billing_path,quant/scenario_inputs.json,"Marginal path bins, not identifiable joint counterfactual transitions or observed endpoint ARPU"
P1,low,Super,lapse_partial_super_path,90,0.15,0.13,-0.01999999999999999,3.0,0.0,D_marginal_billing_path,quant/scenario_inputs.json,"Marginal path bins, not identifiable joint counterfactual transitions or observed endpoint ARPU"
P1,low,Super,maintain_or_renew_super_path,90,0.8,0.8240000000000001,0.02400000000000002,12.0,0.0,D_marginal_billing_path,quant/scenario_inputs.json,"Marginal path bins, not identifiable joint counterfactual transitions or observed endpoint ARPU"
P1,low,Super,upgrade_max_path,90,0.05,0.046,-0.0040000000000000036,24.0,20.0,D_marginal_billing_path,quant/scenario_inputs.json,"Marginal path bins, not identifiable joint counterfactual transitions or observed endpoint ARPU"
P1,low,Max,lapse_partial_max_path,90,0.1,0.1,0.0,6.0,2.0,D_marginal_billing_path,quant/scenario_inputs.json,"Marginal path bins, not identifiable joint counterfactual transitions or observed endpoint ARPU"
P1,low,Max,downgrade_super_path,90,0.1,0.10300000000000001,0.0030000000000000027,14.0,4.0,D_marginal_billing_path,quant/scenario_inputs.json,"Marginal path bins, not identifiable joint counterfactual transitions or observed endpoint ARPU"
P1,low,Max,maintain_or_renew_max_path,90,0.8,0.797,-0.0030000000000000027,24.0,20.0,D_marginal_billing_path,quant/scenario_inputs.json,"Marginal path bins, not identifiable joint counterfactual transitions or observed endpoint ARPU"
P1,base,Free,no_paid_path,90,0.94,0.94,0.0,0.0,0.0,D_marginal_billing_path,quant/scenario_inputs.json,"Marginal path bins, not identifiable joint counterfactual transitions or observed endpoint ARPU"
P1,base,Free,first_super_path,90,0.045,0.045,0.0,12.0,4.0,D_marginal_billing_path,quant/scenario_inputs.json,"Marginal path bins, not identifiable joint counterfactual transitions or observed endpoint ARPU"
P1,base,Free,first_max_path,90,0.015,0.015,0.0,24.0,20.0,D_marginal_billing_path,quant/scenario_inputs.json,"Marginal path bins, not identifiable joint counterfactual transitions or observed endpoint ARPU"
P1,base,Super,lapse_partial_super_path,90,0.15,0.10999999999999999,-0.04000000000000001,3.0,0.0,D_marginal_billing_path,quant/scenario_inputs.json,"Marginal path bins, not identifiable joint counterfactual transitions or observed endpoint ARPU"
P1,base,Super,maintain_or_renew_super_path,90,0.8,0.8500000000000001,0.050000000000000044,12.0,0.0,D_marginal_billing_path,quant/scenario_inputs.json,"Marginal path bins, not identifiable joint counterfactual transitions or observed endpoint ARPU"
P1,base,Super,upgrade_max_path,90,0.05,0.04,-0.010000000000000002,24.0,20.0,D_marginal_billing_path,quant/scenario_inputs.json,"Marginal path bins, not identifiable joint counterfactual transitions or observed endpoint ARPU"
P1,base,Max,lapse_partial_max_path,90,0.1,0.1,0.0,6.0,2.0,D_marginal_billing_path,quant/scenario_inputs.json,"Marginal path bins, not identifiable joint counterfactual transitions or observed endpoint ARPU"
P1,base,Max,downgrade_super_path,90,0.1,0.10600000000000001,0.006000000000000005,14.0,4.0,D_marginal_billing_path,quant/scenario_inputs.json,"Marginal path bins, not identifiable joint counterfactual transitions or observed endpoint ARPU"
P1,base,Max,maintain_or_renew_max_path,90,0.8,0.794,-0.006000000000000005,24.0,20.0,D_marginal_billing_path,quant/scenario_inputs.json,"Marginal path bins, not identifiable joint counterfactual transitions or observed endpoint ARPU"
P1,high,Free,no_paid_path,90,0.94,0.94,0.0,0.0,0.0,D_marginal_billing_path,quant/scenario_inputs.json,"Marginal path bins, not identifiable joint counterfactual transitions or observed endpoint ARPU"
P1,high,Free,first_super_path,90,0.045,0.045,0.0,12.0,4.0,D_marginal_billing_path,quant/scenario_inputs.json,"Marginal path bins, not identifiable joint counterfactual transitions or observed endpoint ARPU"
P1,high,Free,first_max_path,90,0.015,0.015,0.0,24.0,20.0,D_marginal_billing_path,quant/scenario_inputs.json,"Marginal path bins, not identifiable joint counterfactual transitions or observed endpoint ARPU"
P1,high,Super,lapse_partial_super_path,90,0.15,0.06999999999999999,-0.08,3.0,0.0,D_marginal_billing_path,quant/scenario_inputs.json,"Marginal path bins, not identifiable joint counterfactual transitions or observed endpoint ARPU"
P1,high,Super,maintain_or_renew_super_path,90,0.8,0.898,0.09799999999999998,12.0,0.0,D_marginal_billing_path,quant/scenario_inputs.json,"Marginal path bins, not identifiable joint counterfactual transitions or observed endpoint ARPU"
P1,high,Super,upgrade_max_path,90,0.05,0.032,-0.018000000000000002,24.0,20.0,D_marginal_billing_path,quant/scenario_inputs.json,"Marginal path bins, not identifiable joint counterfactual transitions or observed endpoint ARPU"
P1,high,Max,lapse_partial_max_path,90,0.1,0.1,0.0,6.0,2.0,D_marginal_billing_path,quant/scenario_inputs.json,"Marginal path bins, not identifiable joint counterfactual transitions or observed endpoint ARPU"
P1,high,Max,downgrade_super_path,90,0.1,0.11,0.009999999999999995,14.0,4.0,D_marginal_billing_path,quant/scenario_inputs.json,"Marginal path bins, not identifiable joint counterfactual transitions or observed endpoint ARPU"
P1,high,Max,maintain_or_renew_max_path,90,0.8,0.79,-0.010000000000000009,24.0,20.0,D_marginal_billing_path,quant/scenario_inputs.json,"Marginal path bins, not identifiable joint counterfactual transitions or observed endpoint ARPU"
P2,low,Free,no_paid_path,90,0.94,0.9349999999999999,-0.0050000000000000044,0.0,0.0,D_marginal_billing_path,quant/scenario_inputs.json,"Marginal path bins, not identifiable joint counterfactual transitions or observed endpoint ARPU"
P2,low,Free,first_super_path,90,0.045,0.052,0.006999999999999999,12.0,4.0,D_marginal_billing_path,quant/scenario_inputs.json,"Marginal path bins, not identifiable joint counterfactual transitions or observed endpoint ARPU"
P2,low,Free,first_max_path,90,0.015,0.013,-0.002,24.0,20.0,D_marginal_billing_path,quant/scenario_inputs.json,"Marginal path bins, not identifiable joint counterfactual transitions or observed endpoint ARPU"
P2,low,Super,lapse_partial_super_path,90,0.15,0.15,0.0,3.0,0.0,D_marginal_billing_path,quant/scenario_inputs.json,"Marginal path bins, not identifiable joint counterfactual transitions or observed endpoint ARPU"
P2,low,Super,maintain_or_renew_super_path,90,0.8,0.801,0.0010000000000000009,12.0,0.0,D_marginal_billing_path,quant/scenario_inputs.json,"Marginal path bins, not identifiable joint counterfactual transitions or observed endpoint ARPU"
P2,low,Super,upgrade_max_path,90,0.05,0.049,-0.0010000000000000009,24.0,20.0,D_marginal_billing_path,quant/scenario_inputs.json,"Marginal path bins, not identifiable joint counterfactual transitions or observed endpoint ARPU"
P2,low,Max,lapse_partial_max_path,90,0.1,0.1,0.0,6.0,2.0,D_marginal_billing_path,quant/scenario_inputs.json,"Marginal path bins, not identifiable joint counterfactual transitions or observed endpoint ARPU"
P2,low,Max,downgrade_super_path,90,0.1,0.101,0.0010000000000000009,14.0,4.0,D_marginal_billing_path,quant/scenario_inputs.json,"Marginal path bins, not identifiable joint counterfactual transitions or observed endpoint ARPU"
P2,low,Max,maintain_or_renew_max_path,90,0.8,0.799,-0.0010000000000000009,24.0,20.0,D_marginal_billing_path,quant/scenario_inputs.json,"Marginal path bins, not identifiable joint counterfactual transitions or observed endpoint ARPU"
P2,base,Free,no_paid_path,90,0.94,0.9249999999999999,-0.015000000000000013,0.0,0.0,D_marginal_billing_path,quant/scenario_inputs.json,"Marginal path bins, not identifiable joint counterfactual transitions or observed endpoint ARPU"
P2,base,Free,first_super_path,90,0.045,0.064,0.019000000000000003,12.0,4.0,D_marginal_billing_path,quant/scenario_inputs.json,"Marginal path bins, not identifiable joint counterfactual transitions or observed endpoint ARPU"
P2,base,Free,first_max_path,90,0.015,0.011,-0.004,24.0,20.0,D_marginal_billing_path,quant/scenario_inputs.json,"Marginal path bins, not identifiable joint counterfactual transitions or observed endpoint ARPU"
P2,base,Super,lapse_partial_super_path,90,0.15,0.15,0.0,3.0,0.0,D_marginal_billing_path,quant/scenario_inputs.json,"Marginal path bins, not identifiable joint counterfactual transitions or observed endpoint ARPU"
P2,base,Super,maintain_or_renew_super_path,90,0.8,0.802,0.0020000000000000018,12.0,0.0,D_marginal_billing_path,quant/scenario_inputs.json,"Marginal path bins, not identifiable joint counterfactual transitions or observed endpoint ARPU"
P2,base,Super,upgrade_max_path,90,0.05,0.048,-0.0020000000000000018,24.0,20.0,D_marginal_billing_path,quant/scenario_inputs.json,"Marginal path bins, not identifiable joint counterfactual transitions or observed endpoint ARPU"
P2,base,Max,lapse_partial_max_path,90,0.1,0.1,0.0,6.0,2.0,D_marginal_billing_path,quant/scenario_inputs.json,"Marginal path bins, not identifiable joint counterfactual transitions or observed endpoint ARPU"
P2,base,Max,downgrade_super_path,90,0.1,0.10200000000000001,0.0020000000000000018,14.0,4.0,D_marginal_billing_path,quant/scenario_inputs.json,"Marginal path bins, not identifiable joint counterfactual transitions or observed endpoint ARPU"
P2,base,Max,maintain_or_renew_max_path,90,0.8,0.798,-0.0020000000000000018,24.0,20.0,D_marginal_billing_path,quant/scenario_inputs.json,"Marginal path bins, not identifiable joint counterfactual transitions or observed endpoint ARPU"
P2,high,Free,no_paid_path,90,0.94,0.9099999999999999,-0.030000000000000027,0.0,0.0,D_marginal_billing_path,quant/scenario_inputs.json,"Marginal path bins, not identifiable joint counterfactual transitions or observed endpoint ARPU"
P2,high,Free,first_super_path,90,0.045,0.082,0.037000000000000005,12.0,4.0,D_marginal_billing_path,quant/scenario_inputs.json,"Marginal path bins, not identifiable joint counterfactual transitions or observed endpoint ARPU"
P2,high,Free,first_max_path,90,0.015,0.008,-0.006999999999999999,24.0,20.0,D_marginal_billing_path,quant/scenario_inputs.json,"Marginal path bins, not identifiable joint counterfactual transitions or observed endpoint ARPU"
P2,high,Super,lapse_partial_super_path,90,0.15,0.15,0.0,3.0,0.0,D_marginal_billing_path,quant/scenario_inputs.json,"Marginal path bins, not identifiable joint counterfactual transitions or observed endpoint ARPU"
P2,high,Super,maintain_or_renew_super_path,90,0.8,0.804,0.0040000000000000036,12.0,0.0,D_marginal_billing_path,quant/scenario_inputs.json,"Marginal path bins, not identifiable joint counterfactual transitions or observed endpoint ARPU"
P2,high,Super,upgrade_max_path,90,0.05,0.046,-0.0040000000000000036,24.0,20.0,D_marginal_billing_path,quant/scenario_inputs.json,"Marginal path bins, not identifiable joint counterfactual transitions or observed endpoint ARPU"
P2,high,Max,lapse_partial_max_path,90,0.1,0.1,0.0,6.0,2.0,D_marginal_billing_path,quant/scenario_inputs.json,"Marginal path bins, not identifiable joint counterfactual transitions or observed endpoint ARPU"
P2,high,Max,downgrade_super_path,90,0.1,0.10400000000000001,0.0040000000000000036,14.0,4.0,D_marginal_billing_path,quant/scenario_inputs.json,"Marginal path bins, not identifiable joint counterfactual transitions or observed endpoint ARPU"
P2,high,Max,maintain_or_renew_max_path,90,0.8,0.796,-0.0040000000000000036,24.0,20.0,D_marginal_billing_path,quant/scenario_inputs.json,"Marginal path bins, not identifiable joint counterfactual transitions or observed endpoint ARPU"
